-- phpMyAdmin SQL Dump
-- version 5.2.0
-- https://www.phpmyadmin.net/
--
-- Хост: 127.0.0.1:3306
-- Время создания: Дек 22 2023 г., 16:39
-- Версия сервера: 8.0.30
-- Версия PHP: 8.1.9

SET SQL_MODE = "NO_AUTO_VALUE_ON_ZERO";
START TRANSACTION;
SET time_zone = "+00:00";


/*!40101 SET @OLD_CHARACTER_SET_CLIENT=@@CHARACTER_SET_CLIENT */;
/*!40101 SET @OLD_CHARACTER_SET_RESULTS=@@CHARACTER_SET_RESULTS */;
/*!40101 SET @OLD_COLLATION_CONNECTION=@@COLLATION_CONNECTION */;
/*!40101 SET NAMES utf8mb4 */;

--
-- База данных: `library`
--

-- --------------------------------------------------------

--
-- Структура таблицы `age_restrictions`
--

CREATE TABLE `age_restrictions` (
  `id` int NOT NULL,
  `age` varchar(3) CHARACTER SET utf8mb4 COLLATE utf8mb4_unicode_ci NOT NULL,
  `description` varchar(255) CHARACTER SET utf8mb4 COLLATE utf8mb4_unicode_ci NOT NULL,
  `created_user_id` bigint NOT NULL DEFAULT '1',
  `created_date` datetime NOT NULL DEFAULT CURRENT_TIMESTAMP,
  `last_modified_user_id` bigint NOT NULL DEFAULT '1',
  `last_modified_date` timestamp NOT NULL DEFAULT CURRENT_TIMESTAMP
) ENGINE=InnoDB DEFAULT CHARSET=utf8mb4 COLLATE=utf8mb4_unicode_ci;

--
-- Дамп данных таблицы `age_restrictions`
--

INSERT INTO `age_restrictions` (`id`, `age`, `description`, `created_user_id`, `created_date`, `last_modified_user_id`, `last_modified_date`) VALUES
(1, '0+', 'Информационная продукция для детей, не достигших возраста шести лет', 1, '2022-11-27 21:58:39', 1, '2022-11-27 16:58:39'),
(2, '6+', 'Информационная продукция для детей, достигших возраста шести лет', 1, '2022-11-27 21:58:39', 1, '2022-11-27 16:58:39'),
(3, '12+', 'Информационная продукция для детей, достигших возраста двенадцати лет', 1, '2022-11-27 22:00:06', 1, '2022-11-27 17:00:06'),
(4, '16+', 'Информационная продукция для детей, достигших возраста шестнадцати лет', 1, '2022-11-27 22:00:06', 1, '2022-11-27 17:00:06'),
(5, '18+', 'Информация, запрещённая для распространения среди детей', 1, '2022-11-27 22:02:20', 1, '2022-11-27 17:02:20');

-- --------------------------------------------------------

--
-- Структура таблицы `authors`
--

CREATE TABLE `authors` (
  `id` bigint NOT NULL,
  `last_name` varchar(255) CHARACTER SET utf8mb4 COLLATE utf8mb4_unicode_ci NOT NULL,
  `first_name` varchar(255) CHARACTER SET utf8mb4 COLLATE utf8mb4_unicode_ci NOT NULL,
  `middle_name` varchar(255) CHARACTER SET utf8mb4 COLLATE utf8mb4_unicode_ci NOT NULL,
  `nick_name` varchar(255) CHARACTER SET utf8mb4 COLLATE utf8mb4_unicode_ci NOT NULL,
  `famous` tinyint(1) NOT NULL DEFAULT '0',
  `created_user_id` bigint NOT NULL DEFAULT '1',
  `created_date` datetime NOT NULL DEFAULT CURRENT_TIMESTAMP,
  `last_modified_user_id` bigint NOT NULL DEFAULT '1',
  `last_modified_date` timestamp NOT NULL DEFAULT CURRENT_TIMESTAMP
) ENGINE=InnoDB DEFAULT CHARSET=utf8mb4 COLLATE=utf8mb4_unicode_ci;

--
-- Дамп данных таблицы `authors`
--

INSERT INTO `authors` (`id`, `last_name`, `first_name`, `middle_name`, `nick_name`, `famous`, `created_user_id`, `created_date`, `last_modified_user_id`, `last_modified_date`) VALUES
(1, 'Адамович', 'Георгий', 'Викторович', '', 1, 1, '2023-07-17 14:16:22', 1, '2023-07-17 11:16:22'),
(3, 'Аксаков', 'Константин', 'Сергеевич', '', 1, 1, '2023-07-17 14:25:14', 1, '2023-07-17 11:25:14'),
(4, 'Аксаков', 'Сергей', 'Тимофеевич', '', 1, 1, '2023-07-17 14:25:14', 1, '2023-07-17 11:25:14'),
(5, 'Аксенов', 'Василий', 'Павлович', '', 1, 1, '2023-07-17 14:25:14', 1, '2023-07-17 11:25:14'),
(6, 'Андреев', 'Леонид', 'Николаевич', '', 1, 1, '2023-07-17 14:25:14', 1, '2023-07-17 11:25:14'),
(7, 'Анненский', 'Иннокентий', 'Фёдорович', '', 1, 1, '2023-07-17 14:25:14', 1, '2023-07-17 11:25:14'),
(8, 'Арсеньев', 'Владимир', 'Клавдиевич', '', 1, 1, '2023-07-17 14:25:14', 1, '2023-07-17 11:25:14'),
(9, 'Арцыбашев', 'Михаил', 'Петрович', '', 1, 1, '2023-07-17 14:25:14', 1, '2023-07-17 11:25:14'),
(10, 'Астафьев', 'Виктор', 'Петрович', '', 1, 1, '2023-07-17 14:25:14', 1, '2023-07-17 11:25:14'),
(11, 'Бабель', 'Исаак', 'Эммануилович', '', 1, 1, '2023-07-17 14:25:14', 1, '2023-07-17 11:25:14'),
(12, 'Бакланов', 'Григорий', 'Яковлевич', '', 1, 1, '2023-07-17 14:25:14', 1, '2023-07-17 11:25:14'),
(13, 'Бальмонт', 'Константин', 'Дмитриевич', '', 1, 1, '2023-07-17 14:25:14', 1, '2023-07-17 11:25:14'),
(14, 'Баратынский', 'Евгений', 'Абрамович', '', 1, 1, '2023-07-17 14:25:14', 1, '2023-07-17 11:25:14'),
(15, 'Батюшков', 'Константин', 'Николаевич', '', 1, 1, '2023-07-17 14:25:14', 1, '2023-07-17 11:25:14'),
(16, 'Бенедиктов', 'Владимир', 'Григорьевич', '', 1, 1, '2023-07-17 14:25:14', 1, '2023-07-17 11:25:14'),
(17, 'Белинский', 'Виссарион', 'Григорьевич', '', 1, 1, '2023-07-17 14:25:14', 1, '2023-07-17 11:25:14'),
(18, 'Бестужев', 'Александр', 'Александрович', '', 1, 1, '2023-07-17 14:25:14', 1, '2023-07-17 11:25:14'),
(19, 'Блок', 'Александр', 'Александрович', '', 1, 1, '2023-07-17 14:25:14', 1, '2023-07-17 11:25:14'),
(20, 'Бродский', 'Иосиф', 'Александрович', '', 1, 1, '2023-07-17 14:25:14', 1, '2023-07-17 11:25:14'),
(21, 'Брюсов', 'Валерий', 'Яковлевич', '', 1, 1, '2023-07-17 14:25:14', 1, '2023-07-17 11:25:14'),
(22, 'Булгаков', 'Михаил', 'Афанасьевич', '', 1, 1, '2023-07-17 14:25:14', 1, '2023-07-17 11:25:14'),
(23, 'Бунин', 'Иван', 'Алексеевич', '', 1, 1, '2023-07-17 14:25:14', 1, '2023-07-17 11:25:14'),
(24, 'Вампилов', 'Александр', 'Валентинович', '', 1, 1, '2023-07-17 14:25:14', 1, '2023-07-17 11:25:14'),
(25, 'Васильев', 'Борис', 'Львович', '', 1, 1, '2023-07-17 14:25:14', 1, '2023-07-17 11:25:14'),
(26, 'Веневитинов', 'Дмитрий', 'Владимирович', '', 1, 1, '2023-07-17 14:25:14', 1, '2023-07-17 11:25:14'),
(27, 'Владимов', 'Георгий', 'Николаевич', '', 1, 1, '2023-07-17 14:25:14', 1, '2023-07-17 11:25:14'),
(28, 'Вознесенский', 'Андрей', 'Андреевич', '', 1, 1, '2023-07-17 14:25:14', 1, '2023-07-17 11:25:14'),
(29, 'Войнович', 'Владимир', 'Николаевич', '', 1, 1, '2023-07-17 14:25:14', 1, '2023-07-17 11:25:14'),
(30, 'Волошин', 'Максимилиан', 'Александрович', '', 1, 1, '2023-07-17 14:25:14', 1, '2023-07-17 11:25:14'),
(31, 'Высоцкий', 'Владимир', 'Семёнович', '', 1, 1, '2023-07-17 14:25:14', 1, '2023-07-17 11:25:14'),
(32, 'Вяземский', 'Петр', 'Андреевич', '', 1, 1, '2023-07-17 14:25:14', 1, '2023-07-17 11:25:14'),
(33, 'Газданов', 'Гайто', '', '', 1, 1, '2023-07-17 14:25:14', 1, '2023-07-17 11:25:14'),
(34, 'Гайдар', 'Аркадий', 'Петрович', '', 1, 1, '2023-07-17 14:25:14', 1, '2023-07-17 11:25:14'),
(35, 'Гаршин', 'Всеволод', 'Михайлович', '', 1, 1, '2023-07-17 14:25:14', 1, '2023-07-17 11:25:14'),
(36, 'Герцен', 'Александр', 'Иванович', '', 1, 1, '2023-07-17 14:25:14', 1, '2023-07-17 11:25:14'),
(37, 'Гиппиус', 'Зинаида', 'Николаевна', '', 1, 1, '2023-07-17 14:25:14', 1, '2023-07-17 11:25:14'),
(38, 'Глинка', 'Фёдор', 'Николаевич', '', 1, 1, '2023-07-17 14:25:14', 1, '2023-07-17 11:25:14'),
(39, 'Гнедич', 'Николай', 'Иванович', '', 1, 1, '2023-07-17 14:25:14', 1, '2023-07-17 11:25:14'),
(40, 'Гоголь', 'Николай', 'Васильевич', '', 1, 1, '2023-07-17 14:25:14', 1, '2023-07-17 11:25:14'),
(41, 'Гончаров', 'Иван', 'Александрович', '', 1, 1, '2023-07-17 14:25:14', 1, '2023-07-17 11:25:14'),
(42, 'Горенштейн', 'Фридрих', 'Наумович', '', 1, 1, '2023-07-17 14:25:14', 1, '2023-07-17 11:25:14'),
(43, 'Грибоедов', 'Александр', 'Сергеевич', '', 1, 1, '2023-07-17 14:25:14', 1, '2023-07-17 11:25:14'),
(44, 'Григорович', 'Дмитрий', 'Васильевич', '', 1, 1, '2023-07-17 14:25:14', 1, '2023-07-17 11:25:14'),
(45, 'Гроссман', 'Василий', 'Семенович', '', 1, 1, '2023-07-17 14:25:14', 1, '2023-07-17 11:25:14'),
(46, 'Гумилёв', 'Лев', 'Николаевич', '', 1, 1, '2023-07-17 14:25:14', 1, '2023-07-17 11:25:14'),
(47, 'Гумилёв', 'Николай', 'Степанович', '', 1, 1, '2023-07-17 14:25:14', 1, '2023-07-17 11:25:14'),
(48, 'Давыдов', 'Денис', 'Васильевич', '', 1, 1, '2023-07-17 14:25:14', 1, '2023-07-17 11:25:14'),
(49, 'Даль', 'Владимир', 'Иванович', '', 1, 1, '2023-07-17 14:25:14', 1, '2023-07-17 11:25:14'),
(50, 'Дельвиг', 'Антон', 'Антонович', '', 1, 1, '2023-07-17 14:25:14', 1, '2023-07-17 11:25:14'),
(51, 'Дементьев', 'Андрей', 'Дмитриевич', '', 1, 1, '2023-07-17 14:25:14', 1, '2023-07-17 11:25:14'),
(52, 'Добычин', 'Леонид', 'Иванович', '', 1, 1, '2023-07-17 14:25:14', 1, '2023-07-17 11:25:14'),
(53, 'Довлатов', 'Сергей', 'Донатович', '', 1, 1, '2023-07-17 14:25:14', 1, '2023-07-17 11:25:14'),
(54, 'Достоевский', 'Федор', 'Михайлович', '', 1, 1, '2023-07-17 14:25:14', 1, '2023-07-17 11:25:14'),
(55, 'Дружинин', 'Александр', 'Васильевич', '', 1, 1, '2023-07-17 14:25:14', 1, '2023-07-17 11:25:14'),
(56, 'Ерофеев', 'Венедикт', 'Васильевич', '', 1, 1, '2023-07-17 14:25:14', 1, '2023-07-17 11:25:14'),
(57, 'Ершов', 'Пётр', 'Павлович', '', 1, 1, '2023-07-17 14:25:14', 1, '2023-07-17 11:25:14'),
(58, 'Есенин', 'Сергей', 'Александрович', '', 1, 1, '2023-07-17 14:25:14', 1, '2023-07-17 11:25:14'),
(59, 'Жуковский', 'Василий', 'Андреевич', '', 1, 1, '2023-07-17 14:25:14', 1, '2023-07-17 11:25:14'),
(60, 'Заболоцкий', 'Николай', 'Алексеевич', '', 1, 1, '2023-07-17 14:25:14', 1, '2023-07-17 11:25:14'),
(61, 'Зайцев', 'Борис', 'Константинович', '', 1, 1, '2023-07-17 14:25:14', 1, '2023-07-17 11:25:14'),
(62, 'Замятин', 'Евгений', 'Иванович', '', 1, 1, '2023-07-17 14:25:14', 1, '2023-07-17 11:25:14'),
(63, 'Зиновьев', 'Александр', 'Александрович', '', 1, 1, '2023-07-17 14:25:14', 1, '2023-07-17 11:25:14'),
(64, 'Зощенко', 'Михаил', 'Михайлович', '', 1, 1, '2023-07-17 14:25:14', 1, '2023-07-17 11:25:14'),
(65, 'Иванов', 'Всеволод', 'Вячеславович', '', 1, 1, '2023-07-17 14:25:14', 1, '2023-07-17 11:25:14'),
(66, 'Иванов', 'Вячеслав', 'Иванович', '', 1, 1, '2023-07-17 14:25:14', 1, '2023-07-17 11:25:14'),
(67, 'Иванов', 'Георгий', 'Владимирович', '', 1, 1, '2023-07-17 14:25:14', 1, '2023-07-17 11:25:14'),
(68, 'Ильф', 'Илья', 'Арнольдович', '', 1, 1, '2023-07-17 14:25:14', 1, '2023-07-17 11:25:14'),
(69, 'Каверин', 'Вениамин', 'Александрович', '', 1, 1, '2023-07-17 14:25:14', 1, '2023-07-17 11:25:14'),
(70, 'Казакевич', 'Эммануил', 'Генрихович', '', 1, 1, '2023-07-17 14:25:14', 1, '2023-07-17 11:25:14'),
(71, 'Катаев', 'Валентин', 'Петрович', '', 1, 1, '2023-07-17 14:25:14', 1, '2023-07-17 11:25:14'),
(72, 'Катенин', 'Павел', 'Александрович', '', 1, 1, '2023-07-17 14:25:14', 1, '2023-07-17 11:25:14'),
(73, 'Клюев', 'Николай', 'Алексеевич', '', 1, 1, '2023-07-17 14:25:14', 1, '2023-07-17 11:25:14'),
(74, 'Кольцов', 'Алексей', 'Васильевич', '', 1, 1, '2023-07-17 14:25:14', 1, '2023-07-17 11:25:14'),
(75, 'Короленко', 'Владимир', 'Галактионович', '', 1, 1, '2023-07-17 14:25:14', 1, '2023-07-17 11:25:14'),
(76, 'Кручёных', 'Алексей', 'Елисеевич', '', 1, 1, '2023-07-17 14:25:14', 1, '2023-07-17 11:25:14'),
(77, 'Крылов', 'Иван', 'Андреевич', '', 1, 1, '2023-07-17 14:25:14', 1, '2023-07-17 11:25:14'),
(78, 'Крюков', 'Фёдор', 'Дмитриевич', '', 1, 1, '2023-07-17 14:25:14', 1, '2023-07-17 11:25:14'),
(79, 'Кузмин', 'Михаил', 'Алексеевич', '', 1, 1, '2023-07-17 14:25:14', 1, '2023-07-17 11:25:14'),
(80, 'Кузнецова', 'Галина', 'Николаевна', '', 1, 1, '2023-07-17 14:25:14', 1, '2023-07-17 11:25:14'),
(81, 'Куприн', 'Александр', 'Иванович', '', 1, 1, '2023-07-17 14:25:14', 1, '2023-07-17 11:25:14'),
(82, 'Кюхельбекер', 'Вильгельм', 'Карлович', '', 1, 1, '2023-07-17 14:25:14', 1, '2023-07-17 11:25:14'),
(83, 'Лажечников', 'Иван', 'Иванович', '', 1, 1, '2023-07-17 14:25:14', 1, '2023-07-17 11:25:14'),
(84, 'Леонов', 'Леонид', 'Максимович', '', 1, 1, '2023-07-17 14:25:14', 1, '2023-07-17 11:25:14'),
(85, 'Лермонтов', 'Михаил', 'Юрьевич', '', 1, 1, '2023-07-17 14:25:14', 1, '2023-07-17 11:25:14'),
(86, 'Лесков', 'Николай', 'Семенович', '', 1, 1, '2023-07-17 14:25:14', 1, '2023-07-17 11:25:14'),
(87, 'Майков', 'Аполлон', 'Николаевич', '', 1, 1, '2023-07-17 14:25:14', 1, '2023-07-17 11:25:14'),
(88, 'Маканин', 'Владимир', 'Семенович', '', 1, 1, '2023-07-17 14:25:14', 1, '2023-07-17 11:25:14'),
(89, 'Наркисович Мамин', 'Сибиряк', 'Дмитрий', '', 1, 1, '2023-07-17 14:25:14', 1, '2023-07-17 11:25:14'),
(90, 'Мандельштам', 'Осип', 'Эмильевич', '', 1, 1, '2023-07-17 14:25:14', 1, '2023-07-17 11:25:14'),
(91, 'Мариенгоф', 'Анатолий', 'Борисович', '', 1, 1, '2023-07-17 14:25:14', 1, '2023-07-17 11:25:14'),
(92, 'Маяковский', 'Владимир', 'Владимирович', '', 1, 1, '2023-07-17 14:25:14', 1, '2023-07-17 11:25:14'),
(93, 'Мережковский', 'Дмитрий', 'Сергеевич', '', 1, 1, '2023-07-17 14:25:14', 1, '2023-07-17 11:25:14'),
(94, 'Набоков', 'Владимир', 'Владимирович', '', 1, 1, '2023-07-17 14:25:14', 1, '2023-07-17 11:25:14'),
(95, 'Надсон', 'Семён', 'Яковлевич', '', 1, 1, '2023-07-17 14:25:14', 1, '2023-07-17 11:25:14'),
(96, 'Надеждин', 'Николай', 'Иванович', '', 1, 1, '2023-07-17 14:25:14', 1, '2023-07-17 11:25:14'),
(97, 'Нарбут', 'Владимир', 'Иванович', '', 1, 1, '2023-07-17 14:25:14', 1, '2023-07-17 11:25:14'),
(98, 'Некрасов', 'Виктор', 'Платонович', '', 1, 1, '2023-07-17 14:25:14', 1, '2023-07-17 11:25:14'),
(99, 'Некрасов', 'Николай', 'Алексеевич', '', 1, 1, '2023-07-17 14:25:14', 1, '2023-07-17 11:25:14'),
(100, 'Никитин', 'Иван', 'Саввич', '', 1, 1, '2023-07-17 14:25:14', 1, '2023-07-17 11:25:14'),
(101, 'Силыч Новиков', 'Прибой', 'Алексей', '', 1, 1, '2023-07-17 14:25:14', 1, '2023-07-17 11:25:14'),
(102, 'Огарев', 'Николай', 'Платонович', '', 1, 1, '2023-07-17 14:25:14', 1, '2023-07-17 11:25:14'),
(103, 'Одоевский', 'Александр', 'Иванович', '', 1, 1, '2023-07-17 14:25:14', 1, '2023-07-17 11:25:14'),
(104, 'Одоевский', 'Владимир', 'Федорович', '', 1, 1, '2023-07-17 14:25:14', 1, '2023-07-17 11:25:14'),
(105, 'Окуджава', 'Булат', 'Шалвович', '', 1, 1, '2023-07-17 14:25:14', 1, '2023-07-17 11:25:14'),
(106, 'Олеша', 'Юрий', 'Карлович', '', 1, 1, '2023-07-17 14:25:14', 1, '2023-07-17 11:25:14'),
(107, 'Островский', 'Александр', 'Николаевич', '', 1, 1, '2023-07-17 14:25:14', 1, '2023-07-17 11:25:14'),
(108, 'Ошанин', 'Лев', 'Иванович', '', 1, 1, '2023-07-17 14:25:14', 1, '2023-07-17 11:25:14'),
(109, 'Павлов', 'Николай', 'Филиппович', '', 1, 1, '2023-07-17 14:25:14', 1, '2023-07-17 11:25:14'),
(110, 'Павлова', 'Каролина', 'Карловна', '', 1, 1, '2023-07-17 14:25:14', 1, '2023-07-17 11:25:14'),
(111, 'Пастернак', 'Борис', 'Леонидович', '', 1, 1, '2023-07-17 14:25:14', 1, '2023-07-17 11:25:14'),
(112, 'Паустовский', 'Константин', 'Георгиевич', '', 1, 1, '2023-07-17 14:25:14', 1, '2023-07-17 11:25:14'),
(113, 'Пелевин', 'Виктор', 'Олегович', '', 1, 1, '2023-07-17 14:25:14', 1, '2023-07-17 11:25:14'),
(114, 'Пестель', 'Павел', 'Иванович', '', 1, 1, '2023-07-17 14:25:14', 1, '2023-07-17 11:25:14'),
(115, 'Петров', 'Евгений', 'Петрович', '', 1, 1, '2023-07-17 14:25:14', 1, '2023-07-17 11:25:14'),
(116, 'Петрушевская', 'Людмила', 'Стефановна', '', 1, 1, '2023-07-17 14:25:14', 1, '2023-07-17 11:25:14'),
(117, 'Писемский', 'Алексей', 'Феофилактович', '', 1, 1, '2023-07-17 14:25:14', 1, '2023-07-17 11:25:14'),
(118, 'Платонов', 'Андрей', 'Платонович', '', 1, 1, '2023-07-17 14:25:14', 1, '2023-07-17 11:25:14'),
(119, 'Плещеев', 'Алексей', 'Николаевич', '', 1, 1, '2023-07-17 14:25:14', 1, '2023-07-17 11:25:14'),
(120, 'Полежаев', 'Александр', 'Иванович', '', 1, 1, '2023-07-17 14:25:14', 1, '2023-07-17 11:25:14'),
(121, 'Пришвин', 'Михаил', 'Михайлович', '', 1, 1, '2023-07-17 14:25:14', 1, '2023-07-17 11:25:14'),
(122, 'Прокофьев', 'Александр', 'Андреевич', '', 1, 1, '2023-07-17 14:25:14', 1, '2023-07-17 11:25:14'),
(123, 'Пушкин', 'Александр', 'Сергеевич', '', 1, 1, '2023-07-17 14:25:14', 1, '2023-07-17 11:25:14'),
(124, 'Распутин', 'Валентин', 'Григорьевич', '', 1, 1, '2023-07-17 14:25:14', 1, '2023-07-17 11:25:14'),
(125, 'Ремизов', 'Алексей', 'Михайлович', '', 1, 1, '2023-07-17 14:25:14', 1, '2023-07-17 11:25:14'),
(126, 'Рубина', 'Дина', 'Ильинична', '', 1, 1, '2023-07-17 14:25:14', 1, '2023-07-17 11:25:14'),
(127, 'Рубцов', 'Николай', 'Михайлович', '', 1, 1, '2023-07-17 14:25:14', 1, '2023-07-17 11:25:14'),
(128, 'Рылеев', 'Кондратий', 'Федорович', '', 1, 1, '2023-07-17 14:25:14', 1, '2023-07-17 11:25:14'),
(129, 'Евграфович Салтыков', 'Щедрин', 'Михаил', '', 1, 1, '2023-07-17 14:25:14', 1, '2023-07-17 11:25:14'),
(130, 'Слаповский', 'Алексей', 'Иванович', '', 1, 1, '2023-07-17 14:25:14', 1, '2023-07-17 11:25:14'),
(131, 'Солженицын', 'Александр', 'Исаевич', '', 1, 1, '2023-07-17 14:25:14', 1, '2023-07-17 11:25:14'),
(132, 'Соллогуб', 'Владимир', 'Александрович', '', 1, 1, '2023-07-17 14:25:14', 1, '2023-07-17 11:25:14'),
(133, 'Соловьёв', 'Владимир', 'Сергеевич', '', 1, 1, '2023-07-17 14:25:14', 1, '2023-07-17 11:25:14'),
(134, 'Сологуб', 'Фёдор', 'Кузьмич', '', 1, 1, '2023-07-17 14:25:14', 1, '2023-07-17 11:25:14'),
(135, 'Сорокин', 'Владимир', 'Георгиевич', '', 1, 1, '2023-07-17 14:25:14', 1, '2023-07-17 11:25:14'),
(136, 'Станюкович', 'Константин', 'Михайлович', '', 1, 1, '2023-07-17 14:25:14', 1, '2023-07-17 11:25:14'),
(137, 'Твардовский', 'Александр', 'Трифонович', '', 1, 1, '2023-07-17 14:25:14', 1, '2023-07-17 11:25:14'),
(138, 'Толстая', 'Татьяна', 'Никитична', '', 1, 1, '2023-07-17 14:25:14', 1, '2023-07-17 11:25:14'),
(139, 'Толстой', 'Алексей', 'Николаевич', '', 1, 1, '2023-07-17 14:25:14', 1, '2023-07-17 11:25:14'),
(140, 'Толстой', 'Лев', 'Николаевич', '', 1, 1, '2023-07-17 14:25:14', 1, '2023-07-17 11:25:14'),
(141, 'Трифонов', 'Юрий', 'Валентинович', '', 1, 1, '2023-07-17 14:25:14', 1, '2023-07-17 11:25:14'),
(142, 'Тургенев', 'Иван', 'Сергеевич', '', 1, 1, '2023-07-17 14:25:14', 1, '2023-07-17 11:25:14'),
(143, 'Тынянов', 'Юрий', 'Николаевич', '', 1, 1, '2023-07-17 14:25:14', 1, '2023-07-17 11:25:14'),
(144, 'Тютчев', 'Федор', 'Иванович', '', 1, 1, '2023-07-17 14:25:14', 1, '2023-07-17 11:25:14'),
(145, 'Улицкая', 'Людмила', 'Евгеньевна', '', 1, 1, '2023-07-17 14:25:14', 1, '2023-07-17 11:25:14'),
(146, 'Успенский', 'Глеб', 'Иванович', '', 1, 1, '2023-07-17 14:25:14', 1, '2023-07-17 11:25:14'),
(147, 'Фадеев', 'Александр', 'Александрович', '', 1, 1, '2023-07-17 14:25:14', 1, '2023-07-17 11:25:14'),
(148, 'Фет', 'Афанасий', 'Афанасьевич', '', 1, 1, '2023-07-17 14:25:14', 1, '2023-07-17 11:25:14'),
(149, 'Фурманов', 'Дмитрий', 'Андреевич', '', 1, 1, '2023-07-17 14:25:14', 1, '2023-07-17 11:25:14'),
(150, 'Ходасевич', 'Владислав', 'Фелицианович', '', 1, 1, '2023-07-17 14:25:14', 1, '2023-07-17 11:25:14'),
(151, 'Хомяков', 'Алексей', 'Степанович', '', 1, 1, '2023-07-17 14:25:14', 1, '2023-07-17 11:25:14'),
(152, 'Цветаева', 'Марина', 'Ивановна', '', 1, 1, '2023-07-17 14:25:14', 1, '2023-07-17 11:25:14'),
(153, 'Чаадаев', 'Петр', 'Яковлевич', '', 1, 1, '2023-07-17 14:25:14', 1, '2023-07-17 11:25:14'),
(154, 'Чернышевский', 'Николай', 'Гаврилович', '', 1, 1, '2023-07-17 14:25:14', 1, '2023-07-17 11:25:14'),
(155, 'Чехов', 'Антон', 'Павлович', '', 1, 1, '2023-07-17 14:25:14', 1, '2023-07-17 11:25:14'),
(156, 'Шаламов', 'Варлам', 'Тихонович', '', 1, 1, '2023-07-17 14:25:14', 1, '2023-07-17 11:25:14'),
(157, 'Шевырев', 'Степан', 'Петрович', '', 1, 1, '2023-07-17 14:25:14', 1, '2023-07-17 11:25:14'),
(158, 'Шершеневич', 'Вадим', 'Габриэлевич', '', 1, 1, '2023-07-17 14:25:14', 1, '2023-07-17 11:25:14'),
(159, 'Шилейко', 'Владимир', 'Казимирович', '', 1, 1, '2023-07-17 14:25:14', 1, '2023-07-17 11:25:14'),
(160, 'Шмелев', 'Иван', 'Сергеевич', '', 1, 1, '2023-07-17 14:25:14', 1, '2023-07-17 11:25:14'),
(161, 'Шолохов', 'Михаил', 'Александрович', '', 1, 1, '2023-07-17 14:25:14', 1, '2023-07-17 11:25:14'),
(162, 'Шукшин', 'Василий', 'Макарович', '', 1, 1, '2023-07-17 14:25:14', 1, '2023-07-17 11:25:14'),
(163, 'Эренбург', 'Илья', 'Григорьевич', '', 1, 1, '2023-07-17 14:25:14', 1, '2023-07-17 11:25:14'),
(164, 'Асадов', 'Эдуард', 'Аркадьевич', 'Асадов Эдуард Арташесович', 1, 1, '2023-07-17 14:37:22', 1, '2023-07-17 11:37:22'),
(165, 'Горенко', 'Анна', 'Андреевна', 'Ахматова Анна Андреевна', 1, 1, '2023-07-17 14:37:22', 1, '2023-07-17 11:37:22'),
(166, 'Дзюбан', 'Эдуард', 'Годелевич', 'Багрицкий Эдуард Георгиевич', 1, 1, '2023-07-17 14:37:22', 1, '2023-07-17 11:37:22'),
(167, 'Придворов', 'Ефим', 'Алексеевич', 'Бедный Демьян', 1, 1, '2023-07-17 14:37:22', 1, '2023-07-17 11:37:22'),
(168, 'Бугаев', 'Борис', 'Николаевич', 'Белый Андрей', 1, 1, '2023-07-17 14:37:22', 1, '2023-07-17 11:37:22'),
(169, 'Быков', 'Василий', 'Владимирович', 'Быков Василь', 1, 1, '2023-07-17 14:37:22', 1, '2023-07-17 11:37:22'),
(170, 'Пешков', 'Алексей', 'Максимович', 'Горький Максим', 1, 1, '2023-07-17 14:37:22', 1, '2023-07-17 11:37:22'),
(171, 'Гриневский', 'Александр', 'Степанович', 'Грин Александр Степанович', 1, 1, '2023-07-17 14:37:22', 1, '2023-07-17 11:37:22'),
(172, 'Осеева-Хмелёва', 'Валентина', 'Александровна', 'Осеева Валентина Александровна', 1, 1, '2023-07-17 14:37:22', 1, '2023-07-17 11:37:22'),
(173, 'Вогау', 'Борис', 'Андреевич', 'Пильняк Борис Андреевич', 1, 1, '2023-07-17 14:37:22', 1, '2023-07-17 11:37:22'),
(174, 'Аронов', 'Анатолий', 'Наумович', 'Рыбаков Анатолий Наумович', 1, 1, '2023-07-17 14:37:22', 1, '2023-07-17 11:37:22'),
(175, 'Шейнкман', 'Михаил', 'Аркадьевич', 'Светлов Михаил Аркадьевич', 1, 1, '2023-07-17 14:37:22', 1, '2023-07-17 11:37:22'),
(176, 'Лотарев', 'Игорь', 'Васильевич', 'Северянин Игорь', 1, 1, '2023-07-17 14:37:22', 1, '2023-07-17 11:37:22'),
(177, 'Попов', 'Александр', 'Серафимович', 'Серафимович Александр Серафимович', 1, 1, '2023-07-17 14:37:22', 1, '2023-07-17 11:37:22'),
(178, 'Симонов', 'Кирилл', 'Михайлович', 'Симонов Константин Михайлович', 1, 1, '2023-07-17 14:37:22', 1, '2023-07-17 11:37:22'),
(179, 'Синявский', 'Андрей', 'Донатович', 'Абрам Терц', 1, 1, '2023-07-17 14:37:22', 1, '2023-07-17 11:37:22'),
(180, 'Ювачев', 'Даниил', 'Иванович', 'Хармс Даниил Иванович', 1, 1, '2023-07-17 14:37:22', 1, '2023-07-17 11:37:22'),
(181, 'Хлебников', 'Виктор', 'Владмирович', 'Хлебников Велимир', 1, 1, '2023-07-17 14:37:22', 1, '2023-07-17 11:37:22'),
(182, 'Гликберг', 'Александр', 'Михайлович', 'Черный Саша', 1, 1, '2023-07-17 14:37:22', 1, '2023-07-17 11:37:22'),
(183, 'Корнейчуков', 'Николай', 'Васильевич', 'Чуковский Корней Иванович', 1, 1, '2023-07-17 14:37:22', 1, '2023-07-17 11:37:22');

-- --------------------------------------------------------

--
-- Структура таблицы `author_roles`
--

CREATE TABLE `author_roles` (
  `id` int NOT NULL,
  `name` varchar(50) CHARACTER SET utf8mb4 COLLATE utf8mb4_unicode_ci NOT NULL,
  `description` text CHARACTER SET utf8mb4 COLLATE utf8mb4_unicode_ci NOT NULL,
  `created_user_id` bigint NOT NULL DEFAULT '1',
  `created_date` datetime NOT NULL DEFAULT CURRENT_TIMESTAMP,
  `last_modified_user_id` bigint NOT NULL DEFAULT '1',
  `last_modified_date` timestamp NOT NULL DEFAULT CURRENT_TIMESTAMP
) ENGINE=InnoDB DEFAULT CHARSET=utf8mb4 COLLATE=utf8mb4_unicode_ci;

--
-- Дамп данных таблицы `author_roles`
--

INSERT INTO `author_roles` (`id`, `name`, `description`, `created_user_id`, `created_date`, `last_modified_user_id`, `last_modified_date`) VALUES
(1, 'Автор', 'Автор (лат. auctor) — творец всякого, литературного, музыкального или любого художественного произведения и вообще всякого произведения ума, воплощённого искусством. Помимо этого, под автором понимают создателя чисто научных работ, кода программного обеспечения, а также любых иных текстов.', 1, '2023-07-17 10:36:59', 1, '2023-07-17 07:36:59'),
(2, 'Соавтор', 'Соавтор - человек который помогает автору с сюжетом и/или правописанием. А ещё это тот человек, который на сайте никогда не будет обладать равными правами со своим автором, даже если он сам проделывает большую часть работы.', 1, '2023-07-17 10:37:29', 1, '2023-07-17 07:37:29'),
(3, 'Редактор', 'Редактор — тот, кто работает с текстом, а именно составляет, проверяет и исправляет содержание в соответствии с требованиями определённого жанра, готовит к печати издание (книги, журнала, газеты и т. п.), также выступает в роли управляющего.', 1, '2023-07-17 10:38:47', 1, '2023-07-17 07:38:47');

-- --------------------------------------------------------

--
-- Структура таблицы `auth_assignment`
--

CREATE TABLE `auth_assignment` (
  `item_name` varchar(64) COLLATE utf8mb3_unicode_ci NOT NULL,
  `user_id` bigint NOT NULL,
  `created_at` int DEFAULT NULL
) ENGINE=InnoDB DEFAULT CHARSET=utf8mb3 COLLATE=utf8mb3_unicode_ci;

--
-- Дамп данных таблицы `auth_assignment`
--

INSERT INTO `auth_assignment` (`item_name`, `user_id`, `created_at`) VALUES
('Admin', 2, NULL);

-- --------------------------------------------------------

--
-- Структура таблицы `auth_item`
--

CREATE TABLE `auth_item` (
  `name` varchar(64) COLLATE utf8mb3_unicode_ci NOT NULL,
  `type` smallint NOT NULL,
  `description` text COLLATE utf8mb3_unicode_ci,
  `rule_name` varchar(64) COLLATE utf8mb3_unicode_ci DEFAULT NULL,
  `data` blob,
  `created_at` int DEFAULT NULL,
  `updated_at` int DEFAULT NULL
) ENGINE=InnoDB DEFAULT CHARSET=utf8mb3 COLLATE=utf8mb3_unicode_ci;

--
-- Дамп данных таблицы `auth_item`
--

INSERT INTO `auth_item` (`name`, `type`, `description`, `rule_name`, `data`, `created_at`, `updated_at`) VALUES
('Admin', 1, 'Администратор', NULL, NULL, NULL, NULL);

-- --------------------------------------------------------

--
-- Структура таблицы `auth_item_child`
--

CREATE TABLE `auth_item_child` (
  `parent` varchar(64) COLLATE utf8mb3_unicode_ci NOT NULL,
  `child` varchar(64) COLLATE utf8mb3_unicode_ci NOT NULL
) ENGINE=InnoDB DEFAULT CHARSET=utf8mb3 COLLATE=utf8mb3_unicode_ci;

-- --------------------------------------------------------

--
-- Структура таблицы `auth_item_type`
--

CREATE TABLE `auth_item_type` (
  `id` smallint NOT NULL,
  `name` varchar(20) COLLATE utf8mb4_general_ci NOT NULL
) ENGINE=InnoDB DEFAULT CHARSET=utf8mb4 COLLATE=utf8mb4_general_ci;

--
-- Дамп данных таблицы `auth_item_type`
--

INSERT INTO `auth_item_type` (`id`, `name`) VALUES
(1, 'Роль'),
(2, 'Разрешение');

-- --------------------------------------------------------

--
-- Структура таблицы `auth_rule`
--

CREATE TABLE `auth_rule` (
  `name` varchar(64) COLLATE utf8mb3_unicode_ci NOT NULL,
  `data` blob,
  `created_at` int DEFAULT NULL,
  `updated_at` int DEFAULT NULL
) ENGINE=InnoDB DEFAULT CHARSET=utf8mb3 COLLATE=utf8mb3_unicode_ci;

-- --------------------------------------------------------

--
-- Структура таблицы `books`
--

CREATE TABLE `books` (
  `id` bigint NOT NULL,
  `name` varchar(255) CHARACTER SET utf8mb4 COLLATE utf8mb4_unicode_ci NOT NULL,
  `lang_id` int NOT NULL,
  `sourse_lang_id` int DEFAULT NULL,
  `age_limit_id` int NOT NULL,
  `cover` varchar(50) CHARACTER SET utf8mb4 COLLATE utf8mb4_unicode_ci NOT NULL,
  `annotation` text CHARACTER SET utf8mb4 COLLATE utf8mb4_unicode_ci NOT NULL,
  `series_id` int NOT NULL,
  `number_in_series` int NOT NULL,
  `access_level_id` int NOT NULL,
  `created_user_id` bigint NOT NULL DEFAULT '1',
  `created_date` datetime NOT NULL DEFAULT CURRENT_TIMESTAMP,
  `last_modified_user_id` bigint NOT NULL DEFAULT '1',
  `last_modified_date` timestamp NOT NULL DEFAULT CURRENT_TIMESTAMP
) ENGINE=InnoDB DEFAULT CHARSET=utf8mb4 COLLATE=utf8mb4_unicode_ci;

-- --------------------------------------------------------

--
-- Структура таблицы `books_and_authors_accordance`
--

CREATE TABLE `books_and_authors_accordance` (
  `id` bigint NOT NULL,
  `book_id` bigint NOT NULL,
  `author_id` bigint NOT NULL,
  `role_id` int NOT NULL,
  `confirm` tinyint(1) NOT NULL DEFAULT '0',
  `created_user_id` bigint NOT NULL DEFAULT '1',
  `created_date` datetime NOT NULL DEFAULT CURRENT_TIMESTAMP,
  `last_modified_user_id` bigint NOT NULL DEFAULT '1',
  `last_modified_date` timestamp NOT NULL DEFAULT CURRENT_TIMESTAMP
) ENGINE=InnoDB DEFAULT CHARSET=utf8mb4 COLLATE=utf8mb4_unicode_ci;

-- --------------------------------------------------------

--
-- Структура таблицы `book_access_level`
--

CREATE TABLE `book_access_level` (
  `id` int NOT NULL,
  `name` varchar(50) CHARACTER SET utf8mb4 COLLATE utf8mb4_unicode_ci NOT NULL,
  `description` text CHARACTER SET utf8mb4 COLLATE utf8mb4_unicode_ci NOT NULL,
  `created_user_id` bigint NOT NULL DEFAULT '1',
  `created_date` datetime NOT NULL DEFAULT CURRENT_TIMESTAMP,
  `last_modified_user_id` bigint NOT NULL DEFAULT '1',
  `last_modified_date` timestamp NOT NULL DEFAULT CURRENT_TIMESTAMP
) ENGINE=InnoDB DEFAULT CHARSET=utf8mb4 COLLATE=utf8mb4_unicode_ci;

--
-- Дамп данных таблицы `book_access_level`
--

INSERT INTO `book_access_level` (`id`, `name`, `description`, `created_user_id`, `created_date`, `last_modified_user_id`, `last_modified_date`) VALUES
(1, 'Только для автора', '', 1, '2023-07-17 10:59:01', 1, '2023-07-17 07:59:01'),
(2, 'Авторы и соавторы', '', 1, '2023-07-17 11:00:38', 1, '2023-07-17 08:00:38'),
(3, 'Доступен для редакторов', '', 1, '2023-07-17 11:01:07', 1, '2023-07-17 08:01:07'),
(4, 'Доступен авторизованным', '', 1, '2023-07-17 11:01:24', 1, '2023-07-17 08:01:24'),
(5, 'Доступен всем', '', 1, '2023-07-17 12:02:34', 1, '2023-07-17 09:02:34');

-- --------------------------------------------------------

--
-- Структура таблицы `book_comments`
--

CREATE TABLE `book_comments` (
  `id` int NOT NULL,
  `text` text COLLATE utf8mb4_general_ci NOT NULL,
  `date` timestamp NOT NULL,
  `created_user_id` int NOT NULL
) ENGINE=InnoDB DEFAULT CHARSET=utf8mb4 COLLATE=utf8mb4_general_ci;

-- --------------------------------------------------------

--
-- Структура таблицы `contacts`
--

CREATE TABLE `contacts` (
  `id` bigint NOT NULL,
  `type_id` int NOT NULL,
  `value` varchar(255) CHARACTER SET utf8mb4 COLLATE utf8mb4_unicode_ci NOT NULL,
  `created_user_id` bigint NOT NULL DEFAULT '1',
  `created_date` datetime NOT NULL DEFAULT CURRENT_TIMESTAMP,
  `last_modified_user_id` bigint NOT NULL DEFAULT '1',
  `last_modified_date` timestamp NOT NULL DEFAULT CURRENT_TIMESTAMP
) ENGINE=InnoDB DEFAULT CHARSET=utf8mb4 COLLATE=utf8mb4_unicode_ci;

-- --------------------------------------------------------

--
-- Структура таблицы `contact_types`
--

CREATE TABLE `contact_types` (
  `id` int NOT NULL,
  `name` varchar(255) CHARACTER SET utf8mb4 COLLATE utf8mb4_unicode_ci NOT NULL,
  `created_user_id` bigint NOT NULL DEFAULT '1',
  `created_date` datetime NOT NULL DEFAULT CURRENT_TIMESTAMP,
  `last_modified_user_id` bigint NOT NULL DEFAULT '1',
  `last_modified_date` timestamp NOT NULL DEFAULT CURRENT_TIMESTAMP
) ENGINE=InnoDB DEFAULT CHARSET=utf8mb4 COLLATE=utf8mb4_unicode_ci;

--
-- Дамп данных таблицы `contact_types`
--

INSERT INTO `contact_types` (`id`, `name`, `created_user_id`, `created_date`, `last_modified_user_id`, `last_modified_date`) VALUES
(1, 'E-mail', 1, '2023-07-17 12:33:06', 1, '2023-07-17 09:33:06'),
(2, 'VK', 1, '2023-07-17 12:33:06', 1, '2023-07-17 09:33:06'),
(3, 'Skype', 1, '2023-07-17 12:33:43', 1, '2023-07-17 09:33:43'),
(4, 'Web-сайт', 1, '2023-07-17 12:33:43', 1, '2023-07-17 09:33:43');

-- --------------------------------------------------------

--
-- Структура таблицы `genres`
--

CREATE TABLE `genres` (
  `id` int NOT NULL,
  `value` varchar(50) CHARACTER SET utf8mb4 COLLATE utf8mb4_unicode_ci NOT NULL,
  `name` varchar(255) CHARACTER SET utf8mb4 COLLATE utf8mb4_unicode_ci NOT NULL,
  `group_id` int NOT NULL,
  `created_user_id` bigint NOT NULL DEFAULT '1',
  `created_date` datetime NOT NULL DEFAULT CURRENT_TIMESTAMP,
  `last_modified_user_id` bigint NOT NULL DEFAULT '1',
  `last_modified_date` timestamp NOT NULL DEFAULT CURRENT_TIMESTAMP
) ENGINE=InnoDB DEFAULT CHARSET=utf8mb4 COLLATE=utf8mb4_unicode_ci;

--
-- Дамп данных таблицы `genres`
--

INSERT INTO `genres` (`id`, `value`, `name`, `group_id`, `created_user_id`, `created_date`, `last_modified_user_id`, `last_modified_date`) VALUES
(1, 'sf_history', 'Альтернативная история', 1, 1, '2022-11-27 22:19:32', 1, '2022-11-27 17:19:32'),
(2, 'sf_action', 'Боевая фантастика', 1, 1, '2022-11-27 22:19:32', 1, '2022-11-27 17:19:32'),
(3, 'sf_epic', 'Эпическая фантастика', 1, 1, '2022-11-27 22:19:32', 1, '2022-11-27 17:19:32'),
(4, 'sf_heroic', 'Героическая фантастика', 1, 1, '2022-11-27 22:19:32', 1, '2022-11-27 17:19:32'),
(5, 'sf_detective', 'Детективная фантастика', 1, 1, '2022-11-27 22:19:32', 1, '2022-11-27 17:19:32'),
(6, 'sf_cyberpunk', 'Киберпанк', 1, 1, '2022-11-27 22:19:32', 1, '2022-11-27 17:19:32'),
(7, 'sf_space', 'Космическая фантастика', 1, 1, '2022-11-27 22:19:32', 1, '2022-11-27 17:19:32'),
(8, 'sf_social', 'Социально-психологическая фантастика', 1, 1, '2022-11-27 22:19:32', 1, '2022-11-27 17:19:32'),
(9, 'sf_horror', 'Ужасы и Мистика', 1, 1, '2022-11-27 22:19:32', 1, '2022-11-27 17:19:32'),
(10, 'sf_humor', 'Юмористическая фантастика', 1, 1, '2022-11-27 22:19:32', 1, '2022-11-27 17:19:32'),
(11, 'sf_fantasy', 'Фэнтези', 1, 1, '2022-11-27 22:19:32', 1, '2022-11-27 17:19:32'),
(12, 'sf', 'Научная Фантастика', 1, 1, '2022-11-27 22:19:32', 1, '2022-11-27 17:19:32'),
(13, 'det_classic', 'Классический детектив', 2, 1, '2022-11-27 22:27:09', 1, '2022-11-27 17:27:09'),
(14, 'det_police', 'Полицейский детектив', 2, 1, '2022-11-27 22:27:09', 1, '2022-11-27 17:27:09'),
(15, 'det_action', 'Боевик', 2, 1, '2022-11-27 22:27:09', 1, '2022-11-27 17:27:09'),
(16, 'det_irony', 'Иронический детектив', 2, 1, '2022-11-27 22:27:09', 1, '2022-11-27 17:27:09'),
(17, 'det_history', 'Исторический детектив', 2, 1, '2022-11-27 22:27:09', 1, '2022-11-27 17:27:09'),
(18, 'det_espionage', 'Шпионский детектив', 2, 1, '2022-11-27 22:27:09', 1, '2022-11-27 17:27:09'),
(19, 'det_crime', 'Криминальный детектив', 2, 1, '2022-11-27 22:27:09', 1, '2022-11-27 17:27:09'),
(20, 'det_political', 'Политический детектив', 2, 1, '2022-11-27 22:27:09', 1, '2022-11-27 17:27:09'),
(21, 'det_maniac', 'Маньяки', 2, 1, '2022-11-27 22:27:09', 1, '2022-11-27 17:27:09'),
(22, 'det_hard', 'Крутой детектив', 2, 1, '2022-11-27 22:27:09', 1, '2022-11-27 17:27:09'),
(23, 'thriller', 'Триллер', 2, 1, '2022-11-27 22:27:09', 1, '2022-11-27 17:27:09'),
(24, 'detective', 'Детектив', 2, 1, '2022-11-27 22:27:09', 1, '2022-11-27 17:27:09'),
(25, 'prose_classic', 'Классическая проза', 3, 1, '2022-11-27 22:33:38', 1, '2022-11-27 17:33:38'),
(26, 'prose_history', 'Историческая проза', 3, 1, '2022-11-27 22:33:38', 1, '2022-11-27 17:33:38'),
(27, 'prose_contemporary', 'Современная проза', 3, 1, '2022-11-27 22:33:38', 1, '2022-11-27 17:33:38'),
(28, 'prose_counter', 'Контркультура', 3, 1, '2022-11-27 22:33:38', 1, '2022-11-27 17:33:38'),
(29, 'prose_rus_classic', 'Русская классическая проза', 3, 1, '2022-11-27 22:33:38', 1, '2022-11-27 17:33:38'),
(30, 'prose_su_classics', 'Советская классическая проза', 3, 1, '2022-11-27 22:33:38', 1, '2022-11-27 17:33:38'),
(31, 'love_contemporary', 'Современные любовные романы', 4, 1, '2022-11-27 22:36:56', 1, '2022-11-27 17:36:56'),
(32, 'love_history', 'Исторические любовные романы', 4, 1, '2022-11-27 22:36:56', 1, '2022-11-27 17:36:56'),
(33, 'love_detective', 'Остросюжетные любовные романы', 4, 1, '2022-11-27 22:36:56', 1, '2022-11-27 17:36:56'),
(34, 'love_short', 'Короткие любовные романы', 4, 1, '2022-11-27 22:36:56', 1, '2022-11-27 17:36:56'),
(35, 'love_erotica', 'Эротика', 4, 1, '2022-11-27 22:36:56', 1, '2022-11-27 17:36:56'),
(36, 'adv_western', 'Вестерн', 5, 1, '2022-11-27 22:39:04', 1, '2022-11-27 17:39:04'),
(37, 'adv_history', 'Исторические приключения', 5, 1, '2022-11-27 22:39:04', 1, '2022-11-27 17:39:04'),
(38, 'adv_indian', 'Приключения про индейцев', 5, 1, '2022-11-27 22:39:04', 1, '2022-11-27 17:39:04'),
(39, 'adv_maritime', 'Морские приключения', 5, 1, '2022-11-27 22:39:04', 1, '2022-11-27 17:39:04'),
(40, 'adv_geo', 'Путешествия и география', 5, 1, '2022-11-27 22:39:04', 1, '2022-11-27 17:39:04'),
(41, 'adv_animal', 'Природа и животные', 5, 1, '2022-11-27 22:39:04', 1, '2022-11-27 17:39:04'),
(42, 'adventure', 'Прочие приключения', 5, 1, '2022-11-27 22:39:04', 1, '2022-11-27 17:39:04'),
(43, 'child_tale', 'Сказка', 6, 1, '2022-11-27 22:41:44', 1, '2022-11-27 17:41:44'),
(44, 'child_verse', 'Детские стихи', 6, 1, '2022-11-27 22:41:44', 1, '2022-11-27 17:41:44'),
(45, 'child_prose', 'Детскиая проза', 6, 1, '2022-11-27 22:41:44', 1, '2022-11-27 17:41:44'),
(46, 'child_sf', 'Детская фантастика', 6, 1, '2022-11-27 22:41:44', 1, '2022-11-27 17:41:44'),
(47, 'child_det', 'Детские остросюжетные', 6, 1, '2022-11-27 22:41:44', 1, '2022-11-27 17:41:44'),
(48, 'child_adv', 'Детские приключения', 6, 1, '2022-11-27 22:41:44', 1, '2022-11-27 17:41:44'),
(49, 'child_education', 'Детская образовательная литература', 6, 1, '2022-11-27 22:41:44', 1, '2022-11-27 17:41:44'),
(50, 'children', 'Прочая детская литература', 6, 1, '2022-11-27 22:41:44', 1, '2022-11-27 17:41:44'),
(51, 'poetry', 'Поэзия', 7, 1, '2022-11-27 22:43:01', 1, '2022-11-27 17:43:01'),
(52, 'dramaturgy', 'Драматургия', 7, 1, '2022-11-27 22:43:01', 1, '2022-11-27 17:43:01'),
(53, 'antique_ant', 'Античная литература', 8, 1, '2022-11-27 22:45:04', 1, '2022-11-27 17:45:04'),
(54, 'antique_european', 'Европейская старинная литература', 8, 1, '2022-11-27 22:45:04', 1, '2022-11-27 17:45:04'),
(55, 'antique_russian', 'Древнерусская литература', 8, 1, '2022-11-27 22:45:04', 1, '2022-11-27 17:45:04'),
(56, 'antique_east', 'Древневосточная литература', 8, 1, '2022-11-27 22:45:04', 1, '2022-11-27 17:45:04'),
(57, 'antique_myths', 'Мифы. Легенды. Эпос', 8, 1, '2022-11-27 22:45:04', 1, '2022-11-27 17:45:04'),
(58, 'antique', 'Прочая старинная литература', 8, 1, '2022-11-27 22:45:04', 1, '2022-11-27 17:45:04'),
(59, 'sci_history', 'История', 9, 1, '2022-11-27 22:46:53', 1, '2022-11-27 17:46:53'),
(60, 'sci_psychology', 'Психология', 9, 1, '2022-11-27 22:46:53', 1, '2022-11-27 17:46:53'),
(61, 'sci_culture', 'Культурология', 9, 1, '2022-11-27 22:46:53', 1, '2022-11-27 17:46:53'),
(62, 'sci_religion', 'Религиоведение', 9, 1, '2022-11-27 22:46:53', 1, '2022-11-27 17:46:53'),
(63, 'sci_philosophy', 'Философия', 9, 1, '2022-11-27 22:46:53', 1, '2022-11-27 17:46:53'),
(64, 'sci_politics', 'Политика', 9, 1, '2022-11-27 22:46:53', 1, '2022-11-27 17:46:53'),
(65, 'sci_business', 'Деловая литература', 9, 1, '2022-11-27 22:46:53', 1, '2022-11-27 17:46:53'),
(66, 'sci_juris', 'Юриспруденция', 9, 1, '2022-11-27 22:46:53', 1, '2022-11-27 17:46:53'),
(67, 'sci_linguistic', 'Языкознание', 9, 1, '2022-11-27 22:46:53', 1, '2022-11-27 17:46:53'),
(68, 'sci_medicine', 'Медицина', 9, 1, '2022-11-27 22:46:53', 1, '2022-11-27 17:46:53'),
(69, 'sci_phys', 'Физика', 9, 1, '2022-11-27 22:46:53', 1, '2022-11-27 17:46:53'),
(70, 'sci_math', 'Математика', 9, 1, '2022-11-27 22:46:53', 1, '2022-11-27 17:46:53'),
(71, 'sci_chem', 'Химия', 9, 1, '2022-11-27 22:46:53', 1, '2022-11-27 17:46:53'),
(72, 'sci_biology', 'Биология', 9, 1, '2022-11-27 22:46:53', 1, '2022-11-27 17:46:53'),
(73, 'sci_tech', 'Технические науки', 9, 1, '2022-11-27 22:46:53', 1, '2022-11-27 17:46:53'),
(74, 'science', 'Прочая научная литература', 9, 1, '2022-11-27 22:46:53', 1, '2022-11-27 17:46:53'),
(75, 'comp_www', 'Интернет', 10, 1, '2022-11-27 22:48:15', 1, '2022-11-27 17:48:15'),
(76, 'comp_programming', 'Программирование', 10, 1, '2022-11-27 22:48:15', 1, '2022-11-27 17:48:15'),
(77, 'comp_hard', 'Компьютерное \"железо\" (аппаратное обеспечение)', 10, 1, '2022-11-27 22:48:15', 1, '2022-11-27 17:48:15'),
(78, 'comp_soft', 'Программы', 10, 1, '2022-11-27 22:48:15', 1, '2022-11-27 17:48:15'),
(79, 'comp_db', 'Базы данных', 10, 1, '2022-11-27 22:48:15', 1, '2022-11-27 17:48:15'),
(80, 'comp_osnet', 'ОС и Сети', 10, 1, '2022-11-27 22:48:15', 1, '2022-11-27 17:48:15'),
(81, 'computers', 'Прочая околокомпьтерная литература', 10, 1, '2022-11-27 22:48:15', 1, '2022-11-27 17:48:15'),
(82, 'ref_encyc', 'Энциклопедии', 11, 1, '2022-11-27 22:50:08', 1, '2022-11-27 17:50:08'),
(83, 'ref_dict', 'Словари', 11, 1, '2022-11-27 22:50:08', 1, '2022-11-27 17:50:08'),
(84, 'ref_ref', 'Справочники', 11, 1, '2022-11-27 22:50:08', 1, '2022-11-27 17:50:08'),
(85, 'ref_guide', 'Руководства', 11, 1, '2022-11-27 22:50:08', 1, '2022-11-27 17:50:08'),
(86, 'reference', 'Прочая справочная литература', 11, 1, '2022-11-27 22:50:08', 1, '2022-11-27 17:50:08'),
(87, 'nonf_biography', 'Биографии и Мемуары', 12, 1, '2022-11-27 22:52:06', 1, '2022-11-27 17:52:06'),
(88, 'nonf_publicism', 'Публицистика', 12, 1, '2022-11-27 22:52:06', 1, '2022-11-27 17:52:06'),
(89, 'nonf_criticism', 'Критика', 12, 1, '2022-11-27 22:52:06', 1, '2022-11-27 17:52:06'),
(90, 'design', 'Искусство и Дизайн', 12, 1, '2022-11-27 22:52:06', 1, '2022-11-27 17:52:06'),
(91, 'nonfiction', 'Прочая документальная литература', 12, 1, '2022-11-27 22:52:06', 1, '2022-11-27 17:52:06'),
(92, 'religion_rel', 'Религия', 13, 1, '2022-11-27 22:53:34', 1, '2022-11-27 17:53:34'),
(93, 'religion_esoterics', 'Эзотерика', 13, 1, '2022-11-27 22:53:34', 1, '2022-11-27 17:53:34'),
(94, 'religion_self', 'Самосовершенствование', 13, 1, '2022-11-27 22:53:34', 1, '2022-11-27 17:53:34'),
(95, 'religion', 'Прочая религионая литература', 13, 1, '2022-11-27 22:53:34', 1, '2022-11-27 17:53:34'),
(96, 'humor_anecdote', 'Анекдоты', 14, 1, '2022-11-27 22:54:47', 1, '2022-11-27 17:54:47'),
(97, 'humor_prose', 'Юмористическая проза', 14, 1, '2022-11-27 22:54:47', 1, '2022-11-27 17:54:47'),
(98, 'humor_verse', 'Юмористические стихи', 14, 1, '2022-11-27 22:54:47', 1, '2022-11-27 17:54:47'),
(99, 'humor', 'Прочий юмор', 14, 1, '2022-11-27 22:54:47', 1, '2022-11-27 17:54:47'),
(100, 'home_cooking', 'Кулинария', 15, 1, '2022-11-27 22:56:15', 1, '2022-11-27 17:56:15'),
(101, 'home_pets', 'Домашние животные', 15, 1, '2022-11-27 22:56:15', 1, '2022-11-27 17:56:15'),
(102, 'home_crafts', 'Хобби и ремесла', 15, 1, '2022-11-27 22:56:15', 1, '2022-11-27 17:56:15'),
(103, 'home_entertain', 'Развлечения', 15, 1, '2022-11-27 22:56:15', 1, '2022-11-27 17:56:15'),
(104, 'home_health', 'Здоровье', 15, 1, '2022-11-27 22:56:15', 1, '2022-11-27 17:56:15'),
(105, 'home_garden', 'Сад и огород', 15, 1, '2022-11-27 22:56:15', 1, '2022-11-27 17:56:15'),
(106, 'home_diy', 'Сделай сам', 15, 1, '2022-11-27 22:56:15', 1, '2022-11-27 17:56:15'),
(107, 'home_sport', 'Спорт', 15, 1, '2022-11-27 22:56:15', 1, '2022-11-27 17:56:15'),
(108, 'home_sex', 'Эротика, Секс', 15, 1, '2022-11-27 22:56:15', 1, '2022-11-27 17:56:15'),
(109, 'home', 'Прочиее домоводство', 15, 1, '2022-11-27 22:56:15', 1, '2022-11-27 17:56:15');

-- --------------------------------------------------------

--
-- Структура таблицы `genre_groups`
--

CREATE TABLE `genre_groups` (
  `id` int NOT NULL,
  `name` varchar(255) CHARACTER SET utf8mb4 COLLATE utf8mb4_unicode_ci NOT NULL,
  `created_user_id` bigint NOT NULL DEFAULT '1',
  `created_date` datetime NOT NULL DEFAULT CURRENT_TIMESTAMP,
  `last_modified_user_id` bigint NOT NULL DEFAULT '1',
  `last_modified_date` timestamp NOT NULL DEFAULT CURRENT_TIMESTAMP
) ENGINE=InnoDB DEFAULT CHARSET=utf8mb4 COLLATE=utf8mb4_unicode_ci;

--
-- Дамп данных таблицы `genre_groups`
--

INSERT INTO `genre_groups` (`id`, `name`, `created_user_id`, `created_date`, `last_modified_user_id`, `last_modified_date`) VALUES
(1, 'Фантастика (Научная фантастика и Фэнтези)', 1, '2022-11-27 22:17:04', 1, '2022-11-27 17:17:04'),
(2, 'Детективы и Триллеры', 1, '2022-11-27 22:25:33', 1, '2022-11-27 17:25:33'),
(3, 'Проза', 1, '2022-11-27 22:32:20', 1, '2022-11-27 17:32:20'),
(4, 'Любовные романы', 1, '2022-11-27 22:34:49', 1, '2022-11-27 17:34:49'),
(5, 'Приключения', 1, '2022-11-27 22:37:57', 1, '2022-11-27 17:37:57'),
(6, 'Детское', 1, '2022-11-27 22:40:11', 1, '2022-11-27 17:40:11'),
(7, 'Поэзия, Драматургия', 1, '2022-11-27 22:42:17', 1, '2022-11-27 17:42:17'),
(8, 'Старинное', 1, '2022-11-27 22:44:20', 1, '2022-11-27 17:44:20'),
(9, 'Наука, Образование', 1, '2022-11-27 22:46:03', 1, '2022-11-27 17:46:03'),
(10, 'Компьютеры и Интернет', 1, '2022-11-27 22:47:21', 1, '2022-11-27 17:47:21'),
(11, 'Справочная литература', 1, '2022-11-27 22:49:10', 1, '2022-11-27 17:49:10'),
(12, 'Документальная литература', 1, '2022-11-27 22:50:53', 1, '2022-11-27 17:50:53'),
(13, 'Религия и духовность', 1, '2022-11-27 22:52:54', 1, '2022-11-27 17:52:54'),
(14, 'Юмор', 1, '2022-11-27 22:54:03', 1, '2022-11-27 17:54:03'),
(15, 'Домоводство (Дом и семья)', 1, '2022-11-27 22:55:31', 1, '2022-11-27 17:55:31');

-- --------------------------------------------------------

--
-- Структура таблицы `languages`
--

CREATE TABLE `languages` (
  `id` int NOT NULL,
  `value` varchar(2) CHARACTER SET utf8mb4 COLLATE utf8mb4_unicode_ci NOT NULL,
  `name` varchar(255) CHARACTER SET utf8mb4 COLLATE utf8mb4_unicode_ci NOT NULL,
  `created_user_id` bigint NOT NULL DEFAULT '1',
  `created_date` datetime NOT NULL DEFAULT CURRENT_TIMESTAMP,
  `last_modified_user_id` bigint NOT NULL DEFAULT '1',
  `last_modified_date` timestamp NOT NULL DEFAULT CURRENT_TIMESTAMP
) ENGINE=InnoDB DEFAULT CHARSET=utf8mb4 COLLATE=utf8mb4_unicode_ci;

--
-- Дамп данных таблицы `languages`
--

INSERT INTO `languages` (`id`, `value`, `name`, `created_user_id`, `created_date`, `last_modified_user_id`, `last_modified_date`) VALUES
(1, 'ru', 'Русский', 1, '2022-11-27 22:12:23', 1, '2022-11-27 17:12:23'),
(2, 'en', 'Английский', 1, '2022-11-27 22:12:23', 1, '2022-11-27 17:12:23'),
(3, 'ab', 'Абхазский', 1, '2022-11-27 22:12:23', 1, '2022-11-27 17:12:23'),
(4, 'av', 'Аварский', 1, '2022-11-27 22:12:23', 1, '2022-11-27 17:12:23'),
(5, 'ae', 'Авестийский', 1, '2022-11-27 22:12:23', 1, '2022-11-27 17:12:23'),
(6, 'az', 'Азербайджанский', 1, '2022-11-27 22:12:23', 1, '2022-11-27 17:12:23'),
(7, 'ay', 'Аймара', 1, '2022-11-27 22:12:23', 1, '2022-11-27 17:12:23'),
(8, 'ak', 'Акан', 1, '2022-11-27 22:12:23', 1, '2022-11-27 17:12:23'),
(9, 'sq', 'Албанский', 1, '2022-11-27 22:12:23', 1, '2022-11-27 17:12:23'),
(10, 'am', 'Амхарский', 1, '2022-11-27 22:12:23', 1, '2022-11-27 17:12:23'),
(11, 'ar', 'Арабский', 1, '2022-11-27 22:12:23', 1, '2022-11-27 17:12:23'),
(12, 'hy', 'Армянский', 1, '2022-11-27 22:12:23', 1, '2022-11-27 17:12:23'),
(13, 'as', 'Ассамский', 1, '2022-11-27 22:12:23', 1, '2022-11-27 17:12:23'),
(14, 'aa', 'Афарский', 1, '2022-11-27 22:12:23', 1, '2022-11-27 17:12:23'),
(15, 'af', 'Африкаанс', 1, '2022-11-27 22:12:23', 1, '2022-11-27 17:12:23'),
(16, 'bm', 'Бамбара', 1, '2022-11-27 22:12:23', 1, '2022-11-27 17:12:23'),
(17, 'eu', 'Баскский', 1, '2022-11-27 22:12:23', 1, '2022-11-27 17:12:23'),
(18, 'ba', 'Башкирский', 1, '2022-11-27 22:12:23', 1, '2022-11-27 17:12:23'),
(19, 'be', 'Белорусский', 1, '2022-11-27 22:12:23', 1, '2022-11-27 17:12:23'),
(20, 'bn', 'Бенгальский', 1, '2022-11-27 22:12:23', 1, '2022-11-27 17:12:23'),
(21, 'my', 'Бирманский', 1, '2022-11-27 22:12:23', 1, '2022-11-27 17:12:23'),
(22, 'bi', 'Бислама', 1, '2022-11-27 22:12:23', 1, '2022-11-27 17:12:23'),
(23, 'bg', 'Болгарский', 1, '2022-11-27 22:12:23', 1, '2022-11-27 17:12:23'),
(24, 'bs', 'Боснийский', 1, '2022-11-27 22:12:23', 1, '2022-11-27 17:12:23'),
(25, 'br', 'Бретонский', 1, '2022-11-27 22:12:23', 1, '2022-11-27 17:12:23'),
(26, 'cy', 'Валлийский', 1, '2022-11-27 22:12:23', 1, '2022-11-27 17:12:23'),
(27, 'hu', 'Венгерский', 1, '2022-11-27 22:12:23', 1, '2022-11-27 17:12:23'),
(28, 've', 'Венда', 1, '2022-11-27 22:12:23', 1, '2022-11-27 17:12:23'),
(29, 'vo', 'Волапюк', 1, '2022-11-27 22:12:23', 1, '2022-11-27 17:12:23'),
(30, 'wo', 'Волоф', 1, '2022-11-27 22:12:23', 1, '2022-11-27 17:12:23'),
(31, 'vi', 'Вьетнамский', 1, '2022-11-27 22:12:23', 1, '2022-11-27 17:12:23'),
(32, 'gl', 'Галисийский', 1, '2022-11-27 22:12:23', 1, '2022-11-27 17:12:23'),
(33, 'lg', 'Ганда', 1, '2022-11-27 22:12:23', 1, '2022-11-27 17:12:23'),
(34, 'hz', 'Гереро', 1, '2022-11-27 22:12:23', 1, '2022-11-27 17:12:23'),
(35, 'kl', 'Гренландский', 1, '2022-11-27 22:12:23', 1, '2022-11-27 17:12:23'),
(36, 'el', 'Греческий', 1, '2022-11-27 22:12:23', 1, '2022-11-27 17:12:23'),
(37, 'ka', 'Грузинский', 1, '2022-11-27 22:12:23', 1, '2022-11-27 17:12:23'),
(38, 'gn', 'Гуарани', 1, '2022-11-27 22:12:23', 1, '2022-11-27 17:12:23'),
(39, 'gu', 'Гуджарати', 1, '2022-11-27 22:12:23', 1, '2022-11-27 17:12:23'),
(40, 'gd', 'Гэльский', 1, '2022-11-27 22:12:23', 1, '2022-11-27 17:12:23'),
(41, 'da', 'Датский', 1, '2022-11-27 22:12:23', 1, '2022-11-27 17:12:23'),
(42, 'dz', 'Дзонг-кэ', 1, '2022-11-27 22:12:23', 1, '2022-11-27 17:12:23'),
(43, 'dv', 'Дивехи', 1, '2022-11-27 22:12:23', 1, '2022-11-27 17:12:23'),
(44, 'zu', 'Зулу', 1, '2022-11-27 22:12:23', 1, '2022-11-27 17:12:23'),
(45, 'he', 'Иврит', 1, '2022-11-27 22:12:23', 1, '2022-11-27 17:12:23'),
(46, 'ig', 'Игбо', 1, '2022-11-27 22:12:23', 1, '2022-11-27 17:12:23'),
(47, 'yi', 'Идиш', 1, '2022-11-27 22:12:23', 1, '2022-11-27 17:12:23'),
(48, 'id', 'Индонезийский', 1, '2022-11-27 22:12:23', 1, '2022-11-27 17:12:23'),
(49, 'ia', 'Интерлингва', 1, '2022-11-27 22:12:23', 1, '2022-11-27 17:12:23'),
(50, 'ie', 'Интерлингве', 1, '2022-11-27 22:12:23', 1, '2022-11-27 17:12:23'),
(51, 'iu', 'Инуктитут', 1, '2022-11-27 22:12:23', 1, '2022-11-27 17:12:23'),
(52, 'ik', 'Инупиак', 1, '2022-11-27 22:12:23', 1, '2022-11-27 17:12:23'),
(53, 'yo', 'Йоруба', 1, '2022-11-27 22:12:23', 1, '2022-11-27 17:12:23'),
(54, 'ga', 'Ирландский', 1, '2022-11-27 22:12:23', 1, '2022-11-27 17:12:23'),
(55, 'is', 'Исландский', 1, '2022-11-27 22:12:23', 1, '2022-11-27 17:12:23'),
(56, 'es', 'Испанский', 1, '2022-11-27 22:12:23', 1, '2022-11-27 17:12:23'),
(57, 'it', 'Итальянский', 1, '2022-11-27 22:12:23', 1, '2022-11-27 17:12:23'),
(58, 'kk', 'Казахский', 1, '2022-11-27 22:12:23', 1, '2022-11-27 17:12:23'),
(59, 'kn', 'Каннада', 1, '2022-11-27 22:12:23', 1, '2022-11-27 17:12:23'),
(60, 'kr', 'Канури', 1, '2022-11-27 22:12:23', 1, '2022-11-27 17:12:23'),
(61, 'ca', 'Каталанский', 1, '2022-11-27 22:12:23', 1, '2022-11-27 17:12:23'),
(62, 'ks', 'Кашмири', 1, '2022-11-27 22:12:23', 1, '2022-11-27 17:12:23'),
(63, 'qu', 'Кечуа', 1, '2022-11-27 22:12:23', 1, '2022-11-27 17:12:23'),
(64, 'ki', 'Кикуйю', 1, '2022-11-27 22:12:23', 1, '2022-11-27 17:12:23'),
(65, 'kj', 'Киньяма', 1, '2022-11-27 22:12:23', 1, '2022-11-27 17:12:23'),
(66, 'ky', 'Киргизский', 1, '2022-11-27 22:12:23', 1, '2022-11-27 17:12:23'),
(67, 'zh', 'Китайский', 1, '2022-11-27 22:12:23', 1, '2022-11-27 17:12:23'),
(68, 'kv', 'Коми', 1, '2022-11-27 22:12:23', 1, '2022-11-27 17:12:23'),
(69, 'kg', 'Конго', 1, '2022-11-27 22:12:23', 1, '2022-11-27 17:12:23'),
(70, 'ko', 'Корейский', 1, '2022-11-27 22:12:23', 1, '2022-11-27 17:12:23'),
(71, 'kw', 'Корнский', 1, '2022-11-27 22:12:23', 1, '2022-11-27 17:12:23'),
(72, 'co', 'Корсиканский', 1, '2022-11-27 22:12:23', 1, '2022-11-27 17:12:23'),
(73, 'xh', 'Коса', 1, '2022-11-27 22:12:23', 1, '2022-11-27 17:12:23'),
(74, 'ku', 'Курдский', 1, '2022-11-27 22:12:23', 1, '2022-11-27 17:12:23'),
(75, 'km', 'Кхмерский', 1, '2022-11-27 22:12:23', 1, '2022-11-27 17:12:23'),
(76, 'lo', 'Лаосский', 1, '2022-11-27 22:12:23', 1, '2022-11-27 17:12:23'),
(77, 'la', 'Латинский', 1, '2022-11-27 22:12:23', 1, '2022-11-27 17:12:23'),
(78, 'lv', 'Латышский', 1, '2022-11-27 22:12:23', 1, '2022-11-27 17:12:23'),
(79, 'ln', 'Лингала', 1, '2022-11-27 22:12:23', 1, '2022-11-27 17:12:23'),
(80, 'lt', 'Литовский', 1, '2022-11-27 22:12:23', 1, '2022-11-27 17:12:23'),
(81, 'lu', 'Луба-катанга', 1, '2022-11-27 22:12:23', 1, '2022-11-27 17:12:23'),
(82, 'lb', 'Люксембургский', 1, '2022-11-27 22:12:23', 1, '2022-11-27 17:12:23'),
(83, 'mk', 'Македонский', 1, '2022-11-27 22:12:23', 1, '2022-11-27 17:12:23'),
(84, 'mg', 'Малагасийский', 1, '2022-11-27 22:12:23', 1, '2022-11-27 17:12:23'),
(85, 'ms', 'Малайский', 1, '2022-11-27 22:12:23', 1, '2022-11-27 17:12:23'),
(86, 'ml', 'Малаялам', 1, '2022-11-27 22:12:23', 1, '2022-11-27 17:12:23'),
(87, 'mt', 'Мальтийский', 1, '2022-11-27 22:12:23', 1, '2022-11-27 17:12:23'),
(88, 'mi', 'Маори', 1, '2022-11-27 22:12:23', 1, '2022-11-27 17:12:23'),
(89, 'mr', 'Маратхи', 1, '2022-11-27 22:12:23', 1, '2022-11-27 17:12:23'),
(90, 'mh', 'Маршалльский', 1, '2022-11-27 22:12:23', 1, '2022-11-27 17:12:23'),
(91, 'me', 'Мерянский', 1, '2022-11-27 22:12:23', 1, '2022-11-27 17:12:23'),
(92, 'mn', 'Монгольский', 1, '2022-11-27 22:12:23', 1, '2022-11-27 17:12:23'),
(93, 'gv', 'Мэнский', 1, '2022-11-27 22:12:23', 1, '2022-11-27 17:12:23'),
(94, 'nv', 'Навахо', 1, '2022-11-27 22:12:23', 1, '2022-11-27 17:12:23'),
(95, 'na', 'Науру', 1, '2022-11-27 22:12:23', 1, '2022-11-27 17:12:23'),
(96, 'nd', 'Ндебеле северный', 1, '2022-11-27 22:12:23', 1, '2022-11-27 17:12:23'),
(97, 'nr', 'Ндебеле южный', 1, '2022-11-27 22:12:23', 1, '2022-11-27 17:12:23'),
(98, 'ng', 'Ндунга', 1, '2022-11-27 22:12:23', 1, '2022-11-27 17:12:23'),
(99, 'de', 'Немецкий', 1, '2022-11-27 22:12:23', 1, '2022-11-27 17:12:23'),
(100, 'ne', 'Непальский', 1, '2022-11-27 22:12:23', 1, '2022-11-27 17:12:23'),
(101, 'nl', 'Нидерландский', 1, '2022-11-27 22:12:23', 1, '2022-11-27 17:12:23'),
(102, 'no', 'Норвежский', 1, '2022-11-27 22:12:23', 1, '2022-11-27 17:12:23'),
(103, 'ny', 'Ньянджа', 1, '2022-11-27 22:12:23', 1, '2022-11-27 17:12:23'),
(104, 'nn', 'Нюнорск', 1, '2022-11-27 22:12:23', 1, '2022-11-27 17:12:23'),
(105, 'oj', 'Оджибве', 1, '2022-11-27 22:12:23', 1, '2022-11-27 17:12:23'),
(106, 'oc', 'Окситанский', 1, '2022-11-27 22:12:23', 1, '2022-11-27 17:12:23'),
(107, 'or', 'Ория', 1, '2022-11-27 22:12:23', 1, '2022-11-27 17:12:23'),
(108, 'om', 'Оромо', 1, '2022-11-27 22:12:23', 1, '2022-11-27 17:12:23'),
(109, 'os', 'Осетинский', 1, '2022-11-27 22:12:23', 1, '2022-11-27 17:12:23'),
(110, 'pi', 'Пали', 1, '2022-11-27 22:12:23', 1, '2022-11-27 17:12:23'),
(111, 'pa', 'Пенджабский', 1, '2022-11-27 22:12:23', 1, '2022-11-27 17:12:23'),
(112, 'fa', 'Персидский', 1, '2022-11-27 22:12:23', 1, '2022-11-27 17:12:23'),
(113, 'pl', 'Польский', 1, '2022-11-27 22:12:23', 1, '2022-11-27 17:12:23'),
(114, 'pt', 'Португальский', 1, '2022-11-27 22:12:23', 1, '2022-11-27 17:12:23'),
(115, 'ps', 'Пушту', 1, '2022-11-27 22:12:23', 1, '2022-11-27 17:12:23'),
(116, 'rm', 'Ретороманский', 1, '2022-11-27 22:12:23', 1, '2022-11-27 17:12:23'),
(117, 'rw', 'Руанда', 1, '2022-11-27 22:12:23', 1, '2022-11-27 17:12:23'),
(118, 'ro', 'Румынский', 1, '2022-11-27 22:12:23', 1, '2022-11-27 17:12:23'),
(119, 'rn', 'Рунди', 1, '2022-11-27 22:12:23', 1, '2022-11-27 17:12:23'),
(120, 'sm', 'Самоанский', 1, '2022-11-27 22:12:23', 1, '2022-11-27 17:12:23'),
(121, 'sg', 'Санго', 1, '2022-11-27 22:12:23', 1, '2022-11-27 17:12:23'),
(122, 'sa', 'Санскрит', 1, '2022-11-27 22:12:23', 1, '2022-11-27 17:12:23'),
(123, 'sc', 'Сардинский', 1, '2022-11-27 22:12:23', 1, '2022-11-27 17:12:23'),
(124, 'ss', 'Свази', 1, '2022-11-27 22:12:23', 1, '2022-11-27 17:12:23'),
(125, 'sr', 'Сербский', 1, '2022-11-27 22:12:23', 1, '2022-11-27 17:12:23'),
(126, 'si', 'Сингальский', 1, '2022-11-27 22:12:23', 1, '2022-11-27 17:12:23'),
(127, 'sd', 'Синдхи', 1, '2022-11-27 22:12:23', 1, '2022-11-27 17:12:23'),
(128, 'sk', 'Словацкий', 1, '2022-11-27 22:12:23', 1, '2022-11-27 17:12:23'),
(129, 'sl', 'Словенский', 1, '2022-11-27 22:12:23', 1, '2022-11-27 17:12:23'),
(130, 'so', 'Сомали', 1, '2022-11-27 22:12:23', 1, '2022-11-27 17:12:23'),
(131, 'st', 'Сото южный', 1, '2022-11-27 22:12:23', 1, '2022-11-27 17:12:23'),
(132, 'sw', 'Суахили', 1, '2022-11-27 22:12:23', 1, '2022-11-27 17:12:23'),
(133, 'su', 'Сунданский', 1, '2022-11-27 22:12:23', 1, '2022-11-27 17:12:23'),
(134, 'tl', 'Тагальский', 1, '2022-11-27 22:12:23', 1, '2022-11-27 17:12:23'),
(135, 'tg', 'Таджикский', 1, '2022-11-27 22:12:23', 1, '2022-11-27 17:12:23'),
(136, 'th', 'Тайский', 1, '2022-11-27 22:12:23', 1, '2022-11-27 17:12:23'),
(137, 'ty', 'Таитянский', 1, '2022-11-27 22:12:23', 1, '2022-11-27 17:12:23'),
(138, 'ta', 'Тамильский', 1, '2022-11-27 22:12:23', 1, '2022-11-27 17:12:23'),
(139, 'tt', 'Татарский', 1, '2022-11-27 22:12:23', 1, '2022-11-27 17:12:23'),
(140, 'tw', 'Тви', 1, '2022-11-27 22:12:23', 1, '2022-11-27 17:12:23'),
(141, 'te', 'Телугу', 1, '2022-11-27 22:12:23', 1, '2022-11-27 17:12:23'),
(142, 'bo', 'Тибетский', 1, '2022-11-27 22:12:23', 1, '2022-11-27 17:12:23'),
(143, 'ti', 'Тигринья', 1, '2022-11-27 22:12:23', 1, '2022-11-27 17:12:23'),
(144, 'to', 'Тонганский', 1, '2022-11-27 22:12:23', 1, '2022-11-27 17:12:23'),
(145, 'tn', 'Тсвана', 1, '2022-11-27 22:12:23', 1, '2022-11-27 17:12:23'),
(146, 'ts', 'Тсонга', 1, '2022-11-27 22:12:23', 1, '2022-11-27 17:12:23'),
(147, 'tr', 'Турецкий', 1, '2022-11-27 22:12:23', 1, '2022-11-27 17:12:23'),
(148, 'tk', 'Туркменский', 1, '2022-11-27 22:12:23', 1, '2022-11-27 17:12:23'),
(149, 'uz', 'Узбекский', 1, '2022-11-27 22:12:23', 1, '2022-11-27 17:12:23'),
(150, 'ug', 'Уйгурский', 1, '2022-11-27 22:12:23', 1, '2022-11-27 17:12:23'),
(151, 'uk', 'Украинский', 1, '2022-11-27 22:12:23', 1, '2022-11-27 17:12:23'),
(152, 'ur', 'Урду', 1, '2022-11-27 22:12:23', 1, '2022-11-27 17:12:23'),
(153, 'fo', 'Фарерский', 1, '2022-11-27 22:12:23', 1, '2022-11-27 17:12:23'),
(154, 'fj', 'Фиджи', 1, '2022-11-27 22:12:23', 1, '2022-11-27 17:12:23'),
(155, 'fl', 'Филиппинский', 1, '2022-11-27 22:12:23', 1, '2022-11-27 17:12:23'),
(156, 'fi', 'Финский (Suomi)', 1, '2022-11-27 22:12:23', 1, '2022-11-27 17:12:23'),
(157, 'fr', 'Французский', 1, '2022-11-27 22:12:23', 1, '2022-11-27 17:12:23'),
(158, 'fy', 'Фризский', 1, '2022-11-27 22:12:23', 1, '2022-11-27 17:12:23'),
(159, 'ff', 'Фулах', 1, '2022-11-27 22:12:23', 1, '2022-11-27 17:12:23'),
(160, 'ha', 'Хауса', 1, '2022-11-27 22:12:23', 1, '2022-11-27 17:12:23'),
(161, 'hi', 'Хинди', 1, '2022-11-27 22:12:23', 1, '2022-11-27 17:12:23'),
(162, 'ho', 'Хиримоту', 1, '2022-11-27 22:12:23', 1, '2022-11-27 17:12:23'),
(163, 'hr', 'Хорватский', 1, '2022-11-27 22:12:23', 1, '2022-11-27 17:12:23'),
(164, 'cu', 'Церковнославянский', 1, '2022-11-27 22:12:23', 1, '2022-11-27 17:12:23'),
(165, 'ch', 'Чаморро', 1, '2022-11-27 22:12:23', 1, '2022-11-27 17:12:23'),
(166, 'ce', 'Чеченский', 1, '2022-11-27 22:12:23', 1, '2022-11-27 17:12:23'),
(167, 'cs', 'Чешский', 1, '2022-11-27 22:12:23', 1, '2022-11-27 17:12:23'),
(168, 'za', 'Чжуанский', 1, '2022-11-27 22:12:23', 1, '2022-11-27 17:12:23'),
(169, 'cv', 'Чувашский', 1, '2022-11-27 22:12:23', 1, '2022-11-27 17:12:23'),
(170, 'sv', 'Шведский', 1, '2022-11-27 22:12:23', 1, '2022-11-27 17:12:23'),
(171, 'sn', 'Шона', 1, '2022-11-27 22:12:23', 1, '2022-11-27 17:12:23'),
(172, 'ee', 'Эве', 1, '2022-11-27 22:12:23', 1, '2022-11-27 17:12:23'),
(173, 'eo', 'Эсперанто', 1, '2022-11-27 22:12:23', 1, '2022-11-27 17:12:23'),
(174, 'et', 'Эстонский', 1, '2022-11-27 22:12:23', 1, '2022-11-27 17:12:23'),
(175, 'jv', 'Яванский', 1, '2022-11-27 22:12:23', 1, '2022-11-27 17:12:23'),
(176, 'ja', 'Японский', 1, '2022-11-27 22:12:23', 1, '2022-11-27 17:12:23');

-- --------------------------------------------------------

--
-- Структура таблицы `local_chat`
--

CREATE TABLE `local_chat` (
  `id` bigint NOT NULL,
  `message` varchar(255) CHARACTER SET utf8mb4 COLLATE utf8mb4_unicode_ci NOT NULL,
  `readed` tinyint(1) NOT NULL DEFAULT '0',
  `to_user_id` bigint NOT NULL,
  `created_user_id` bigint NOT NULL DEFAULT '1',
  `created_date` timestamp NOT NULL DEFAULT CURRENT_TIMESTAMP,
  `last_modified_user_id` bigint NOT NULL DEFAULT '1',
  `last_modified_date` timestamp NOT NULL DEFAULT CURRENT_TIMESTAMP
) ENGINE=InnoDB DEFAULT CHARSET=utf8mb4 COLLATE=utf8mb4_unicode_ci;

-- --------------------------------------------------------

--
-- Структура таблицы `migration`
--

CREATE TABLE `migration` (
  `version` varchar(180) COLLATE utf8mb4_general_ci NOT NULL,
  `apply_time` int DEFAULT NULL
) ENGINE=InnoDB DEFAULT CHARSET=utf8mb4 COLLATE=utf8mb4_general_ci;

--
-- Дамп данных таблицы `migration`
--

INSERT INTO `migration` (`version`, `apply_time`) VALUES
('m000000_000000_base', 1689675125),
('m140506_102106_rbac_init', 1689675130),
('m170907_052038_rbac_add_index_on_auth_assignment_user_id', 1689675130),
('m180523_151638_rbac_updates_indexes_without_prefix', 1689675130),
('m200409_110543_rbac_update_mssql_trigger', 1689675130);

-- --------------------------------------------------------

--
-- Структура таблицы `sections`
--

CREATE TABLE `sections` (
  `id` bigint NOT NULL,
  `book_id` int NOT NULL,
  `parent_id` bigint NOT NULL DEFAULT '0',
  `type_id` int NOT NULL,
  `title` varchar(255) CHARACTER SET utf8mb4 COLLATE utf8mb4_unicode_ci NOT NULL,
  `content` text CHARACTER SET utf8mb4 COLLATE utf8mb4_unicode_ci NOT NULL,
  `order_by` int NOT NULL,
  `created_user_id` bigint NOT NULL DEFAULT '1',
  `created_date` datetime NOT NULL DEFAULT CURRENT_TIMESTAMP,
  `last_modified_user_id` bigint NOT NULL DEFAULT '1',
  `last_modified_date` timestamp NOT NULL DEFAULT CURRENT_TIMESTAMP
) ENGINE=InnoDB DEFAULT CHARSET=utf8mb4 COLLATE=utf8mb4_unicode_ci;

-- --------------------------------------------------------

--
-- Структура таблицы `section_types`
--

CREATE TABLE `section_types` (
  `id` int NOT NULL,
  `name` varchar(255) CHARACTER SET utf8mb4 COLLATE utf8mb4_unicode_ci NOT NULL,
  `description` text CHARACTER SET utf8mb4 COLLATE utf8mb4_unicode_ci NOT NULL,
  `allow_content` tinyint(1) NOT NULL DEFAULT '1',
  `frequency` int NOT NULL DEFAULT '0' COMMENT '0 - бесконечно',
  `created_user_id` bigint NOT NULL DEFAULT '1',
  `created_date` datetime NOT NULL DEFAULT CURRENT_TIMESTAMP,
  `last_modified_user_id` bigint NOT NULL DEFAULT '1',
  `last_modified_date` timestamp NOT NULL DEFAULT CURRENT_TIMESTAMP
) ENGINE=InnoDB DEFAULT CHARSET=utf8mb4 COLLATE=utf8mb4_unicode_ci;

--
-- Дамп данных таблицы `section_types`
--

INSERT INTO `section_types` (`id`, `name`, `description`, `allow_content`, `frequency`, `created_user_id`, `created_date`, `last_modified_user_id`, `last_modified_date`) VALUES
(1, 'Аннотация', 'Краткое содержание книги, рукописи, монографии, статьи, патента, фильма, грампластинки или другого издания, а также его краткая характеристика.', 1, 1, 1, '2023-07-17 12:07:18', 1, '2023-07-17 09:07:18'),
(2, 'Предисловие', 'Часть литературного или научного произведения, предшествующая основному тексту. В предисловии излагаются разъяснения и замечания как самого автора, так и редактора, издателя, возможно, других лиц, имеющих отношение к произведению.', 1, 1, 1, '2023-07-17 12:09:41', 1, '2023-07-17 09:09:41'),
(3, 'Пролог', 'Вводная часть, введение, но не стоит путать с предисловием. В отличие от предисловия, пролог всегда художествен.', 1, 1, 1, '2023-07-17 12:10:42', 1, '2023-07-17 09:10:42'),
(4, 'Раздел', 'Часть книги, в которой излагается определенная и конкретная тема.', 0, 0, 1, '2023-07-17 12:15:45', 1, '2023-07-17 09:15:45'),
(5, 'Глава', 'В литературном произведении важная единица композиционного членения, обозначающая раздел текста, являющаяся как бы главной повествовательной цезурой и обозначающая обычно временной перерыв в течение событий или, при многоплановости сюжета, — переход от одной сюжетной линии к другой.', 1, 0, 1, '2023-07-17 12:17:01', 1, '2023-07-17 09:17:01');

-- --------------------------------------------------------

--
-- Структура таблицы `series`
--

CREATE TABLE `series` (
  `id` bigint NOT NULL,
  `name` varchar(50) CHARACTER SET utf8mb4 COLLATE utf8mb4_unicode_ci NOT NULL,
  `description` text CHARACTER SET utf8mb4 COLLATE utf8mb4_unicode_ci NOT NULL,
  `created_user_id` bigint NOT NULL DEFAULT '1',
  `created_date` datetime NOT NULL DEFAULT CURRENT_TIMESTAMP,
  `last_modified_user_id` bigint NOT NULL DEFAULT '1',
  `last_modified_date` timestamp NOT NULL DEFAULT CURRENT_TIMESTAMP
) ENGINE=InnoDB DEFAULT CHARSET=utf8mb4 COLLATE=utf8mb4_unicode_ci;

-- --------------------------------------------------------

--
-- Структура таблицы `user`
--


CREATE TABLE `user` (
  `id` bigint NOT NULL,
  `nickname` varchar(25) CHARACTER SET utf8mb4 COLLATE utf8mb4_unicode_ci NOT NULL,
  `username` varchar(25) CHARACTER SET utf8mb4 COLLATE utf8mb4_unicode_ci NOT NULL,
  `password` varchar(255) CHARACTER SET utf8mb4 COLLATE utf8mb4_unicode_ci NOT NULL,
  `password_reset_token` varchar(255) CHARACTER SET utf8mb4 COLLATE utf8mb4_unicode_ci DEFAULT NULL,
  `avatar` varchar(255) CHARACTER SET utf8mb4 COLLATE utf8mb4_unicode_ci DEFAULT NULL,
  `reg_date` timestamp NOT NULL DEFAULT CURRENT_TIMESTAMP,
  `last_login_date` timestamp NOT NULL DEFAULT CURRENT_TIMESTAMP,
  `created_user_id` bigint NOT NULL DEFAULT '1',
  `created_date` datetime NOT NULL DEFAULT CURRENT_TIMESTAMP,
  `last_modified_user_id` bigint NOT NULL DEFAULT '1',
  `last_modified_date` timestamp NOT NULL DEFAULT CURRENT_TIMESTAMP
) ENGINE=InnoDB DEFAULT CHARSET=utf8mb4 COLLATE=utf8mb4_unicode_ci;

--
-- Дамп данных таблицы `user`
--


INSERT INTO `user` (`id`, `nickname`, `username`, `password`, `password_reset_token`, `avatar`, `reg_date`, `last_login_date`, `created_user_id`, `created_date`, `last_modified_user_id`, `last_modified_date`) VALUES
(1, 'system', 'system', 'null', '', 'system.png', '2022-11-27 16:58:31', '2022-11-27 16:58:31', 1, '2022-11-27 21:58:31', 1, '2022-11-27 16:58:31'),
(2, 'Администратор', 'admin', '$2y$10$ndDl5J/Vpuu36noaL9dnZewNndwaN2wYnx7QMuKdgbrenIc7SWPFO', NULL, 'system.png', '2023-07-18 07:05:22', '2023-07-18 07:05:22', 1, '2023-07-18 10:05:22', 1, '2023-07-18 07:05:22'),
(3, 'Модератор', 'moderator', '$2y$13$t.rsmzgub8vKkULQ9SRoQe9AUs2AM1P.3csbT4dAkrsIznv8oBlwO', NULL, 'system.png', '2023-07-18 11:47:09', '2023-07-18 11:47:09', 1, '2023-07-18 14:47:10', 1, '2023-07-18 11:47:10'),
(4, 'User', 'user', '$2y$13$biSl6DZtdsMW0E2Tb7PNBe1FBCJdns0cxcVK91Oor8CS1fSqekFA2', NULL, 'system.png', '2023-08-02 07:40:00', '2023-08-02 07:40:00', 1, '2023-08-02 12:40:00', 1, '2023-08-02 09:40:00');

-- --------------------------------------------------------

--
-- Структура таблицы `user_session`
--


CREATE TABLE `user_session` (
  `id` varchar(32) COLLATE utf8mb4_general_ci NOT NULL,
  `expire` int DEFAULT NULL,
  `data` blob
) ENGINE=InnoDB DEFAULT CHARSET=utf8mb4 COLLATE=utf8mb4_general_ci;

--
-- Дамп данных таблицы `user_session`
--


INSERT INTO `user_session` (`id`, `expire`, `data`) VALUES
('31ohced0jgrgelklb0ckihvdjir1i8ij', 1692799168, 0x5f5f666c6173687c613a303a7b7d5f5f69647c693a343b5f5f617574684b65797c4e3b),
('5n4alc8jitn4i3qa389jogu8nkc8buaf', 1700219847, 0x5f5f666c6173687c613a303a7b7d5f5f636170746368612f736974652f636170746368617c733a363a226a6f70746275223b5f5f636170746368612f736974652f63617074636861636f756e747c693a313b5f5f69647c693a343b5f5f617574684b65797c4e3b),
('92aubr2qfpdn2o1fs31lhs0acgr0roki', 1695370390, 0x5f5f666c6173687c613a303a7b7d),
('g4eefjlvdouqm9bqrr2qgpt9qikis10s', 1696509278, 0x5f5f666c6173687c613a303a7b7d),
('ieiic8hec4mrdhgc57e9587julp21bu9', 1695298412, 0x5f5f666c6173687c613a303a7b7d5f5f69647c693a343b5f5f617574684b65797c4e3b),
('qfqvcsjo6eppa5s7e0f0bspc0d2ck0br', 1703241564, 0x5f5f666c6173687c613a303a7b7d5f5f69647c693a343b5f5f617574684b65797c4e3b);

--
-- Индексы сохранённых таблиц
--

--
-- Индексы таблицы `age_restrictions`
--
ALTER TABLE `age_restrictions`
  ADD PRIMARY KEY (`id`),
  ADD KEY `age_restrictions_fk0` (`created_user_id`),
  ADD KEY `age_restrictions_fk1` (`last_modified_user_id`);

--
-- Индексы таблицы `authors`
--
ALTER TABLE `authors`
  ADD PRIMARY KEY (`id`),
  ADD KEY `authors_fk0` (`created_user_id`),
  ADD KEY `authors_fk1` (`last_modified_user_id`);

--
-- Индексы таблицы `author_roles`
--
ALTER TABLE `author_roles`
  ADD PRIMARY KEY (`id`),
  ADD KEY `author_roles_fk0` (`created_user_id`),
  ADD KEY `author_roles_fk1` (`last_modified_user_id`);

--
-- Индексы таблицы `auth_assignment`
--
ALTER TABLE `auth_assignment`
  ADD PRIMARY KEY (`item_name`,`user_id`),
  ADD KEY `idx-auth_assignment-user_id` (`user_id`);

--
-- Индексы таблицы `auth_item`
--
ALTER TABLE `auth_item`
  ADD PRIMARY KEY (`name`),
  ADD KEY `rule_name` (`rule_name`),
  ADD KEY `idx-auth_item-type` (`type`);

--
-- Индексы таблицы `auth_item_child`
--
ALTER TABLE `auth_item_child`
  ADD PRIMARY KEY (`parent`,`child`),
  ADD KEY `child` (`child`);

--
-- Индексы таблицы `auth_item_type`
--
ALTER TABLE `auth_item_type`
  ADD PRIMARY KEY (`id`);

--
-- Индексы таблицы `auth_rule`
--
ALTER TABLE `auth_rule`
  ADD PRIMARY KEY (`name`);

--
-- Индексы таблицы `books`
--
ALTER TABLE `books`
  ADD PRIMARY KEY (`id`),
  ADD KEY `books_fk0` (`created_user_id`),
  ADD KEY `books_fk1` (`last_modified_user_id`),
  ADD KEY `books_fk2` (`lang_id`),
  ADD KEY `books_fk3` (`sourse_lang_id`),
  ADD KEY `books_fk4` (`age_limit_id`);

--
-- Индексы таблицы `books_and_authors_accordance`
--
ALTER TABLE `books_and_authors_accordance`
  ADD PRIMARY KEY (`id`),
  ADD KEY `books_and_authors_accordance_fk0` (`created_user_id`),
  ADD KEY `books_and_authors_accordance_fk1` (`last_modified_user_id`),
  ADD KEY `books_and_authors_accordance_fk2` (`book_id`),
  ADD KEY `books_and_authors_accordance_fk3` (`author_id`),
  ADD KEY `books_and_authors_accordance_fk4` (`role_id`);

--
-- Индексы таблицы `book_access_level`
--
ALTER TABLE `book_access_level`
  ADD PRIMARY KEY (`id`),
  ADD KEY `book_access_level_fk0` (`created_user_id`),
  ADD KEY `book_access_level_fk1` (`last_modified_user_id`),
  ADD KEY `id` (`id`);

--
-- Индексы таблицы `book_comments`
--
ALTER TABLE `book_comments`
  ADD PRIMARY KEY (`id`);

--
-- Индексы таблицы `contacts`
--
ALTER TABLE `contacts`
  ADD PRIMARY KEY (`id`),
  ADD KEY `contacts_fk0` (`created_user_id`),
  ADD KEY `contacts_fk1` (`last_modified_user_id`),
  ADD KEY `contacts_fk2` (`type_id`);

--
-- Индексы таблицы `contact_types`
--
ALTER TABLE `contact_types`
  ADD PRIMARY KEY (`id`),
  ADD KEY `contact_types_fk0` (`created_user_id`),
  ADD KEY `contact_types_fk1` (`last_modified_user_id`);

--
-- Индексы таблицы `genres`
--
ALTER TABLE `genres`
  ADD PRIMARY KEY (`id`),
  ADD KEY `genres_fk0` (`created_user_id`),
  ADD KEY `genres_fk1` (`last_modified_user_id`);

--
-- Индексы таблицы `genre_groups`
--
ALTER TABLE `genre_groups`
  ADD PRIMARY KEY (`id`),
  ADD KEY `genre_groups_fk0` (`created_user_id`),
  ADD KEY `genre_groups_fk1` (`last_modified_user_id`);

--
-- Индексы таблицы `languages`
--
ALTER TABLE `languages`
  ADD PRIMARY KEY (`id`),
  ADD KEY `languages_fk0` (`created_user_id`),
  ADD KEY `languages_fk1` (`last_modified_user_id`);

--
-- Индексы таблицы `local_chat`
--
ALTER TABLE `local_chat`
  ADD PRIMARY KEY (`id`),
  ADD KEY `local_chat_fk0` (`created_user_id`),
  ADD KEY `local_chat_fk1` (`last_modified_user_id`),
  ADD KEY `local_chat_fk2` (`to_user_id`);

--
-- Индексы таблицы `migration`
--
ALTER TABLE `migration`
  ADD PRIMARY KEY (`version`);

--
-- Индексы таблицы `sections`
--
ALTER TABLE `sections`
  ADD PRIMARY KEY (`id`),
  ADD KEY `sections_fk0` (`created_user_id`),
  ADD KEY `sections_fk1` (`last_modified_user_id`),
  ADD KEY `sections_fk3` (`type_id`),
  ADD KEY `sections_fk4` (`parent_id`);

--
-- Индексы таблицы `section_types`
--
ALTER TABLE `section_types`
  ADD PRIMARY KEY (`id`),
  ADD KEY `section_types_fk0` (`created_user_id`),
  ADD KEY `section_types_fk1` (`last_modified_user_id`);

--
-- Индексы таблицы `series`
--
ALTER TABLE `series`
  ADD PRIMARY KEY (`id`),
  ADD KEY `series_fk0` (`created_user_id`),
  ADD KEY `series_fk1` (`last_modified_user_id`);

--
-- Индексы таблицы `user`
--
ALTER TABLE `user`
  ADD PRIMARY KEY (`id`),
  ADD UNIQUE KEY `id` (`id`),
  ADD UNIQUE KEY `login` (`username`),
  ADD KEY `users_fk0` (`created_user_id`),
  ADD KEY `users_fk1` (`last_modified_user_id`);

--
-- Индексы таблицы `user_session`
--
ALTER TABLE `user_session`
  ADD PRIMARY KEY (`id`);

--
-- AUTO_INCREMENT для сохранённых таблиц
--

--
-- AUTO_INCREMENT для таблицы `age_restrictions`
--
ALTER TABLE `age_restrictions`
  MODIFY `id` int NOT NULL AUTO_INCREMENT, AUTO_INCREMENT=6;

--
-- AUTO_INCREMENT для таблицы `authors`
--
ALTER TABLE `authors`
  MODIFY `id` bigint NOT NULL AUTO_INCREMENT, AUTO_INCREMENT=184;

--
-- AUTO_INCREMENT для таблицы `author_roles`
--
ALTER TABLE `author_roles`
  MODIFY `id` int NOT NULL AUTO_INCREMENT, AUTO_INCREMENT=4;

--
-- AUTO_INCREMENT для таблицы `auth_item_type`
--
ALTER TABLE `auth_item_type`
  MODIFY `id` smallint NOT NULL AUTO_INCREMENT, AUTO_INCREMENT=4;

--
-- AUTO_INCREMENT для таблицы `books`
--
ALTER TABLE `books`
  MODIFY `id` bigint NOT NULL AUTO_INCREMENT;

--
-- AUTO_INCREMENT для таблицы `books_and_authors_accordance`
--
ALTER TABLE `books_and_authors_accordance`
  MODIFY `id` bigint NOT NULL AUTO_INCREMENT;

--
-- AUTO_INCREMENT для таблицы `book_access_level`
--
ALTER TABLE `book_access_level`
  MODIFY `id` int NOT NULL AUTO_INCREMENT, AUTO_INCREMENT=6;

--
-- AUTO_INCREMENT для таблицы `book_comments`
--
ALTER TABLE `book_comments`
  MODIFY `id` int NOT NULL AUTO_INCREMENT;

--
-- AUTO_INCREMENT для таблицы `contacts`
--
ALTER TABLE `contacts`
  MODIFY `id` bigint NOT NULL AUTO_INCREMENT;

--
-- AUTO_INCREMENT для таблицы `contact_types`
--
ALTER TABLE `contact_types`
  MODIFY `id` int NOT NULL AUTO_INCREMENT, AUTO_INCREMENT=6;

--
-- AUTO_INCREMENT для таблицы `genres`
--
ALTER TABLE `genres`
  MODIFY `id` int NOT NULL AUTO_INCREMENT, AUTO_INCREMENT=110;

--
-- AUTO_INCREMENT для таблицы `genre_groups`
--
ALTER TABLE `genre_groups`
  MODIFY `id` int NOT NULL AUTO_INCREMENT, AUTO_INCREMENT=16;

--
-- AUTO_INCREMENT для таблицы `languages`
--
ALTER TABLE `languages`
  MODIFY `id` int NOT NULL AUTO_INCREMENT, AUTO_INCREMENT=177;

--
-- AUTO_INCREMENT для таблицы `local_chat`
--
ALTER TABLE `local_chat`
  MODIFY `id` bigint NOT NULL AUTO_INCREMENT;

--
-- AUTO_INCREMENT для таблицы `sections`
--
ALTER TABLE `sections`
  MODIFY `id` bigint NOT NULL AUTO_INCREMENT;

--
-- AUTO_INCREMENT для таблицы `section_types`
--
ALTER TABLE `section_types`
  MODIFY `id` int NOT NULL AUTO_INCREMENT, AUTO_INCREMENT=6;

--
-- AUTO_INCREMENT для таблицы `series`
--
ALTER TABLE `series`
  MODIFY `id` bigint NOT NULL AUTO_INCREMENT;

--
-- AUTO_INCREMENT для таблицы `user`
--
ALTER TABLE `user`
  MODIFY `id` bigint NOT NULL AUTO_INCREMENT, AUTO_INCREMENT=5;

--
-- Ограничения внешнего ключа сохраненных таблиц
--

--
-- Ограничения внешнего ключа таблицы `age_restrictions`
--
ALTER TABLE `age_restrictions`
  ADD CONSTRAINT `age_restrictions_fk0` FOREIGN KEY (`created_user_id`) REFERENCES `user` (`id`),
  ADD CONSTRAINT `age_restrictions_fk1` FOREIGN KEY (`last_modified_user_id`) REFERENCES `user` (`id`);

--
-- Ограничения внешнего ключа таблицы `authors`
--
ALTER TABLE `authors`
  ADD CONSTRAINT `authors_fk0` FOREIGN KEY (`created_user_id`) REFERENCES `user` (`id`),
  ADD CONSTRAINT `authors_fk1` FOREIGN KEY (`last_modified_user_id`) REFERENCES `user` (`id`);

--
-- Ограничения внешнего ключа таблицы `author_roles`
--
ALTER TABLE `author_roles`
  ADD CONSTRAINT `author_roles_fk0` FOREIGN KEY (`created_user_id`) REFERENCES `user` (`id`),
  ADD CONSTRAINT `author_roles_fk1` FOREIGN KEY (`last_modified_user_id`) REFERENCES `user` (`id`);

--
-- Ограничения внешнего ключа таблицы `auth_assignment`
--
ALTER TABLE `auth_assignment`
  ADD CONSTRAINT `auth_assignment_FK` FOREIGN KEY (`user_id`) REFERENCES `user` (`id`) ON DELETE RESTRICT ON UPDATE RESTRICT,
  ADD CONSTRAINT `auth_assignment_ibfk_1` FOREIGN KEY (`item_name`) REFERENCES `auth_item` (`name`) ON DELETE CASCADE ON UPDATE CASCADE;

--
-- Ограничения внешнего ключа таблицы `auth_item`
--
ALTER TABLE `auth_item`
  ADD CONSTRAINT `auth_item_FK` FOREIGN KEY (`type`) REFERENCES `auth_item_type` (`id`) ON DELETE RESTRICT ON UPDATE RESTRICT,
  ADD CONSTRAINT `auth_item_ibfk_1` FOREIGN KEY (`rule_name`) REFERENCES `auth_rule` (`name`) ON DELETE SET NULL ON UPDATE CASCADE;

--
-- Ограничения внешнего ключа таблицы `auth_item_child`
--
ALTER TABLE `auth_item_child`
  ADD CONSTRAINT `auth_item_child_ibfk_1` FOREIGN KEY (`parent`) REFERENCES `auth_item` (`name`) ON DELETE CASCADE ON UPDATE CASCADE,
  ADD CONSTRAINT `auth_item_child_ibfk_2` FOREIGN KEY (`child`) REFERENCES `auth_item` (`name`) ON DELETE CASCADE ON UPDATE CASCADE;

--
-- Ограничения внешнего ключа таблицы `books`
--
ALTER TABLE `books`
  ADD CONSTRAINT `books_fk0` FOREIGN KEY (`created_user_id`) REFERENCES `user` (`id`),
  ADD CONSTRAINT `books_fk1` FOREIGN KEY (`last_modified_user_id`) REFERENCES `user` (`id`),
  ADD CONSTRAINT `books_fk2` FOREIGN KEY (`lang_id`) REFERENCES `languages` (`id`),
  ADD CONSTRAINT `books_fk3` FOREIGN KEY (`sourse_lang_id`) REFERENCES `languages` (`id`),
  ADD CONSTRAINT `books_fk4` FOREIGN KEY (`age_limit_id`) REFERENCES `age_restrictions` (`id`);

--
-- Ограничения внешнего ключа таблицы `books_and_authors_accordance`
--
ALTER TABLE `books_and_authors_accordance`
  ADD CONSTRAINT `books_and_authors_accordance_fk0` FOREIGN KEY (`created_user_id`) REFERENCES `user` (`id`),
  ADD CONSTRAINT `books_and_authors_accordance_fk1` FOREIGN KEY (`last_modified_user_id`) REFERENCES `user` (`id`),
  ADD CONSTRAINT `books_and_authors_accordance_fk2` FOREIGN KEY (`book_id`) REFERENCES `books` (`id`),
  ADD CONSTRAINT `books_and_authors_accordance_fk3` FOREIGN KEY (`author_id`) REFERENCES `authors` (`id`),
  ADD CONSTRAINT `books_and_authors_accordance_fk4` FOREIGN KEY (`role_id`) REFERENCES `author_roles` (`id`);

--
-- Ограничения внешнего ключа таблицы `book_access_level`
--
ALTER TABLE `book_access_level`
  ADD CONSTRAINT `book_access_level_fk0` FOREIGN KEY (`created_user_id`) REFERENCES `user` (`id`),
  ADD CONSTRAINT `book_access_level_fk1` FOREIGN KEY (`last_modified_user_id`) REFERENCES `user` (`id`);

--
-- Ограничения внешнего ключа таблицы `contacts`
--
ALTER TABLE `contacts`
  ADD CONSTRAINT `contacts_fk0` FOREIGN KEY (`created_user_id`) REFERENCES `user` (`id`),
  ADD CONSTRAINT `contacts_fk1` FOREIGN KEY (`last_modified_user_id`) REFERENCES `user` (`id`),
  ADD CONSTRAINT `contacts_fk2` FOREIGN KEY (`type_id`) REFERENCES `contact_types` (`id`);

--
-- Ограничения внешнего ключа таблицы `contact_types`
--
ALTER TABLE `contact_types`
  ADD CONSTRAINT `contact_types_fk0` FOREIGN KEY (`created_user_id`) REFERENCES `user` (`id`),
  ADD CONSTRAINT `contact_types_fk1` FOREIGN KEY (`last_modified_user_id`) REFERENCES `user` (`id`);

--
-- Ограничения внешнего ключа таблицы `genres`
--
ALTER TABLE `genres`
  ADD CONSTRAINT `genres_fk0` FOREIGN KEY (`created_user_id`) REFERENCES `user` (`id`),
  ADD CONSTRAINT `genres_fk1` FOREIGN KEY (`last_modified_user_id`) REFERENCES `user` (`id`);

--
-- Ограничения внешнего ключа таблицы `genre_groups`
--
ALTER TABLE `genre_groups`
  ADD CONSTRAINT `genre_groups_fk0` FOREIGN KEY (`created_user_id`) REFERENCES `user` (`id`),
  ADD CONSTRAINT `genre_groups_fk1` FOREIGN KEY (`last_modified_user_id`) REFERENCES `user` (`id`);

--
-- Ограничения внешнего ключа таблицы `languages`
--
ALTER TABLE `languages`
  ADD CONSTRAINT `languages_fk0` FOREIGN KEY (`created_user_id`) REFERENCES `user` (`id`),
  ADD CONSTRAINT `languages_fk1` FOREIGN KEY (`last_modified_user_id`) REFERENCES `user` (`id`);

--
-- Ограничения внешнего ключа таблицы `local_chat`
--
ALTER TABLE `local_chat`
  ADD CONSTRAINT `local_chat_fk0` FOREIGN KEY (`created_user_id`) REFERENCES `user` (`id`),
  ADD CONSTRAINT `local_chat_fk1` FOREIGN KEY (`last_modified_user_id`) REFERENCES `user` (`id`),
  ADD CONSTRAINT `local_chat_fk2` FOREIGN KEY (`to_user_id`) REFERENCES `user` (`id`);

--
-- Ограничения внешнего ключа таблицы `sections`
--
ALTER TABLE `sections`
  ADD CONSTRAINT `sections_fk0` FOREIGN KEY (`created_user_id`) REFERENCES `user` (`id`),
  ADD CONSTRAINT `sections_fk1` FOREIGN KEY (`last_modified_user_id`) REFERENCES `user` (`id`),
  ADD CONSTRAINT `sections_fk3` FOREIGN KEY (`type_id`) REFERENCES `section_types` (`id`),
  ADD CONSTRAINT `sections_fk4` FOREIGN KEY (`parent_id`) REFERENCES `sections` (`id`);

--
-- Ограничения внешнего ключа таблицы `section_types`
--
ALTER TABLE `section_types`
  ADD CONSTRAINT `section_types_fk0` FOREIGN KEY (`created_user_id`) REFERENCES `user` (`id`),
  ADD CONSTRAINT `section_types_fk1` FOREIGN KEY (`last_modified_user_id`) REFERENCES `user` (`id`);

--
-- Ограничения внешнего ключа таблицы `series`
--
ALTER TABLE `series`
  ADD CONSTRAINT `series_fk0` FOREIGN KEY (`created_user_id`) REFERENCES `user` (`id`),
  ADD CONSTRAINT `series_fk1` FOREIGN KEY (`last_modified_user_id`) REFERENCES `user` (`id`);

--
-- Ограничения внешнего ключа таблицы `user`
--
ALTER TABLE `user`
  ADD CONSTRAINT `users_fk0` FOREIGN KEY (`created_user_id`) REFERENCES `user` (`id`),
  ADD CONSTRAINT `users_fk1` FOREIGN KEY (`last_modified_user_id`) REFERENCES `user` (`id`);
COMMIT;

/*!40101 SET CHARACTER_SET_CLIENT=@OLD_CHARACTER_SET_CLIENT */;
/*!40101 SET CHARACTER_SET_RESULTS=@OLD_CHARACTER_SET_RESULTS */;
/*!40101 SET COLLATION_CONNECTION=@OLD_COLLATION_CONNECTION */;
